ID,Vietnamese_Text,English_Text,Vietnamese_Sound
word_tôi,tôi,I / me,
word_không,không,no / not,
word_là,là,to be,
word_anh,anh,older brother / you (to a man),
word_có,có,to have / yes,
word_ta,ta,we / I,
word_của,của,of / belonging to,
word_đi,đi,to go,
word_đã,đã,already (past marker),
word_đó,đó,that,
word_sẽ,sẽ,will,
word_chúng,chúng,we (plural marker),
word_gì,gì,what,
word_một,một,one,
word_được,được,can / okay / to get,
word_và,và,and,
word_cô,cô,miss / aunt / teacher,
word_làm,làm,to do / make,
word_phải,phải,must / right,
word_rồi,rồi,already,
word_người,người,person,
word_này,này,this,
word_cho,cho,to give / for,
word_em,em,younger sibling / you (younger),
word_đây,đây,here,
word_con,con,child / animal classifier,
word_sao,sao,why / how,
word_biết,biết,to know,
word_ông,ông,grandfather / sir,
word_nói,nói,to say,
word_nó,nó,it / he / she (informal),
word_thể,thể,able / body,
word_với,với,with,
word_cậu,cậu,uncle (mother's brother) / you (casual),
word_thế,thế,so / like that,
word_lại,lại,again / back,
word_ra,ra,to go out / exit,
word_vậy,vậy,so / then,
word_để,để,to / let / put,
word_nào,nào,which,
word_ấy,ấy,that / him / her (informal),
word_cái,cái,(thing classifier),
word_đang,đang,"(progressive marker, -ing)",
word_muốn,muốn,to want,
word_trong,trong,in / inside,
word_mà,mà,but / that,
word_như,như,like / as,
word_nhưng,nhưng,but,
word_khi,khi,when,
word_những,những,(plural marker),
word_đến,đến,to arrive / come,
word_đâu,đâu,where,
word_chuyện,chuyện,story / matter,
word_chỉ,chỉ,only / to point,
word_cả,cả,all / whole,
word_về,về,to return / about,
word_thì,thì,then (particle),
word_họ,họ,they,
word_giờ,giờ,hour / time,
word_thôi,thôi,just / stop,
word_thấy,thấy,to see / feel,
word_còn,còn,still / remaining,
word_cũng,cũng,also / too,
word_vào,vào,to enter / into,
word_các,các,(plural marker),
word_bị,bị,(passive marker) to suffer,
word_nghĩ,nghĩ,to think,
word_đấy,đấy,there / that (emphasis particle),
word_ai,ai,who,
word_thật,thật,real / truly,
word_hắn,hắn,he / him (informal),
word_nếu,nếu,if,
word_mình,mình,I / myself / we,
word_việc,việc,work / matter,
word_nữa,nữa,more / again,
word_rất,rất,very,
word_vì,vì,because,
word_cần,cần,to need,
word_chứ,chứ,of course (particle),
word_à,à,oh (particle),
word_điều,điều,thing / matter,
word_sự,sự,matter / affair,
word_tới,tới,to arrive / to,
word_xin,xin,please / to ask,
word_thứ,thứ,kind / ordinal marker,
word_chưa,chưa,not yet,
word_nhà,nhà,house,
word_lên,lên,to go up / rise,
word_đúng,đúng,correct / right,
word_từ,từ,from / word,
word_mẹ,mẹ,mother,
word_nghe,nghe,to hear / listen,
word_hơn,hơn,more (comparative),
word_mọi,mọi,every,
word_bạn,bạn,you / friend,
word_tớ,tớ,"I / me (casual, among friends)",
word_nên,nên,should / therefore,
word_chết,chết,to die,
word_mày,mày,you (very informal/rude),
word_ơn,ơn,favor / gratitude,
word_đầu,đầu,head / beginning,
word_đừng,đừng,don't,
word_tìm,tìm,to find / search,
word_tốt,tốt,good,
word_tin,tin,news / to believe,
word_hãy,hãy,"(imperative marker, 'please/let's')",
word_quá,quá,too / very,
word_nhiều,nhiều,many / much,
word_trước,trước,before / in front,
word_cảm,cảm,to feel,
word_bà,bà,grandmother / madam,
word_ý,ý,idea / meaning,
word_hay,hay,or / interesting,
word_công,công,work / public,
word_nhất,nhất,most (superlative),
word_tao,tao,I / me (very informal/rude),
word_bố,bố,father,
word_tất,tất,all (as in tất cả),
word_bao,bao,how much / to wrap,
word_trên,trên,on / above,
word_tên,tên,name,
word_lỗi,lỗi,mistake / fault,
word_tại,tại,because of / at,
word_thành,thành,to become,
word_sau,sau,after,
word_cháu,cháu,grandchild / I (child to elder),
word_ngày,ngày,day,
word_khác,khác,different / other,
word_xem,xem,to watch / look at,
word_theo,theo,to follow,
word_chắc,chắc,probably / surely,
word_gặp,gặp,to meet,
word_bắt,bắt,to catch / force,
word_yêu,yêu,to love,
word_cứ,cứ,just / keep on,
word_qua,qua,to pass / across,
word_vẫn,vẫn,still,
word_cùng,cùng,together,
word_ngay,ngay,immediately,
word_thích,thích,to like,
word_cách,cách,way / method,
word_nhìn,nhìn,to look,
word_sống,sống,to live / alive,
word_bọn,bọn,group / gang (informal plural),
word_lúc,lúc,moment,
word_giết,giết,to kill,
word_mới,mới,new / just,
word_quan,quan,(in quan tâm = to care),
word_chào,chào,to greet,
word_đưa,đưa,to give / hand,
word_lắm,lắm,very,
word_gọi,gọi,to call,
word_hết,hết,all / finished,
word_bảo,bảo,to tell / say,
word_hai,hai,two,
word_rằng,rằng,that (conjunction),
word_ăn,ăn,to eat,
word_giúp,giúp,to help,
word_hiểu,hiểu,to understand,
word_lấy,lấy,to take,
word_ngài,ngài,sir / your excellency,
word_tự,tự,self,
word_lần,lần,time (occurrence),
word_chính,chính,main / exactly,
word_tay,tay,hand,
word_nhân,nhân,person / cause,
word_cuộc,cuộc,(event classifier),
word_bỏ,bỏ,to leave / remove,
word_năm,năm,year / five,
word_mất,mất,to lose,
word_hả,hả,huh? (particle),
word_vụ,vụ,case / incident / affair,
word_xe,xe,vehicle,
word_ngươi,ngươi,"you (archaic, to an inferior)",
word_nhận,nhận,to receive,
word_cha,cha,father,
word_chúa,chúa,god / lord,
word_khỏi,khỏi,to recover / out of,
word_nay,nay,(in hôm nay = today),
word_định,định,to plan / intend,
word_tiền,tiền,money,
word_thời,thời,time / era,
word_cơ,cơ,(particle) / mechanism,
word_nhé,nhé,okay? (softener),
word_do,do,due to / by,
word_trở,trở,to turn / become,
word_bé,bé,small / little one,
word_mặt,mặt,face,
word_đường,đường,road / sugar,
word_vâng,vâng,yes (formal),
word_gái,gái,girl / female,
word_luôn,luôn,always / right away,
word_mấy,mấy,how many,
word_gia,gia,family (as in gia đình),
word_nhau,nhau,each other,
word_lời,lời,words / speech,
word_nơi,nơi,place,
word_chị,chị,older sister / you (to a woman),
word_xuống,xuống,to go down,
word_bây,bây,(in bây giờ = now),
word_thưa,thưa,"(polite address, 'excuse me')",
word_số,số,number,
word_động,động,to move (as in activity),
word_đồ,đồ,things / stuff,
word_ngoài,ngoài,outside,
word_toàn,toàn,whole / entirely,
word_bất,bất,"(negative prefix, 'un-/im-')",
word_sát,sát,close to / beside,
word_thực,thực,"real / to eat (as in reality, cuisine)",
word_từng,từng,each / used to,
word_phòng,phòng,room,
word_thằng,thằng,guy / fellow (informal),
word_kẻ,kẻ,one who (often negative),
word_hàng,hàng,goods / row,
word_bằng,bằng,by / equal to,
word_chẳng,chẳng,not at all,
word_chút,chút,a bit,
word_nhớ,nhớ,to remember / miss,
word_chú,chú,uncle,
word_nhiên,nhiên,natural (as in tự nhiên),
word_lý,lý,reason (as in lý do),
word_chỗ,chỗ,place / spot,
word_học,học,to study / learn,
word_nhanh,nhanh,fast,
word_quay,quay,to turn / film,
word_sĩ,sĩ,"(suffix, e.g. doctor)",
word_cố,cố,to try (as in effort),
word_tuyệt,tuyệt,great / excellent,
word_lẽ,lẽ,reason (as in maybe),
word_chiến,chiến,to fight / war,
word_hỏi,hỏi,to ask,
word_đại,đại,big / university,
word_tiếp,tiếp,to continue,
word_tình,tình,feeling / love / situation,
word_ơi,ơi,hey (vocative particle),
word_bên,bên,side,
word_đồng,đồng,dong (currency) / together,
word_vui,vui,happy,
word_ổn,ổn,stable / okay,
word_gian,gian,space / time,
word_tâm,tâm,heart / mind,
word_cứu,cứu,to save / rescue,
word_đề,đề,topic / problem,
word_i,i,(fragment),
word_sinh,sinh,born / student,
word_trả,trả,to pay / return,
word_bộ,bộ,department / set,
word_đều,đều,equally / all,
word_máy,máy,machine,
word_vài,vài,a few,
word_vị,vị,flavor / position,
word_nước,nước,water / country,
word_giống,giống,similar / breed,
word_đánh,đánh,to hit / play (instrument),
word_xảy,xảy,to happen (as in xảy ra),
word_chơi,chơi,to play,
word_trai,trai,boy / male,
word_tối,tối,evening / dark,
word_cảnh,cảnh,scene / scenery / police,
word_câu,câu,sentence,
word_kia,kia,that (over there),
word_ko,ko,no / not (informal shorthand),
word_giữ,giữ,to keep / hold,
word_hành,hành,onion / action,
word_vô,vô,to enter / without,
word_kết,kết,to conclude / connect,
word_bởi,bởi,because of / by,
word_hiện,hiện,to appear / current,
word_giới,giới,world / realm / gender,
word_vừa,vừa,just now / to fit,
word_tiếng,tiếng,language / sound / hour,
word_báo,báo,to report / newspaper,
word_tưởng,tưởng,to (mistakenly) think,
word_chờ,chờ,to wait,
word_lo,lo,to worry,
word_đẹp,đẹp,beautiful,
word_hôm,hôm,day (as in hôm nay),
word_viên,viên,staff member / pill,
word_hình,hình,shape / image,
word_đáng,đáng,worthy of,
word_vấn,vấn,(in vấn đề = problem),
word_trọng,trọng,important (as in quan trọng),
word_bình,bình,calm / bottle,
word_đủ,đủ,enough,
word_oh,oh,oh (interjection),
word_cám,cám,"(informal spelling of cảm, as in thanks)",
word_lớn,lớn,big / grown up,
word_sáng,sáng,morning / bright,
word_bác,bác,uncle/aunt (elder),
word_lâu,lâu,a long time,
word_thần,thần,god / spirit,
word_sợ,sợ,to be afraid,
word_biệt,biệt,to separate (as in goodbye),
word_thông,thông,to communicate / pine tree,
word_cổ,cổ,neck / ancient,
word_giải,giải,to solve / prize,
word_phụ,phụ,to assist / side,
word_thường,thường,often / usual,
word_thương,thương,to love / pity,
word_vẻ,vẻ,appearance,
word_cuối,cuối,end / last,
word_rõ,rõ,clear,
word_cửa,cửa,door,
word_hợp,hợp,to suit / match,
word_trung,trung,middle / central,
word_bản,bản,version / draft,
word_dùng,dùng,to use,
word_ôi,ôi,oh! (exclamation),
word_tra,tra,to check,
word_bắn,bắn,to shoot,
word_cầu,cầu,to pray / bridge,
word_ba,ba,three / dad,
word_hội,hội,association / festival,
word_t,t,(informal texting shorthand),
word_đội,đội,team / to wear (on head),
word_tiên,tiên,fairy / first,
word_thân,thân,body / close,
word_chạy,chạy,to run,
word_thêm,thêm,to add / more,
word_đứa,đứa,kid / individual (informal classifier),
word_thay,thay,to replace / instead,
word_mang,mang,to carry / bring,
word_quân,quân,army / troops,
word_xác,xác,corpse / to confirm,
word_đời,đời,life / generation,
word_ngủ,ngủ,to sleep,
word_trời,trời,sky / heaven,
word_đổi,đổi,to change / exchange,
word_nhỏ,nhỏ,small,
word_liên,liên,connected (as in contact),
word_tội,tội,crime / pity,
word_nghĩa,nghĩa,meaning,
word_an,an,safe / peace,
word_điện,điện,electricity,
word_dù,dù,although / umbrella,
word_bay,bay,to fly,
word_nữ,nữ,female,
word_vệ,vệ,"guard (as in restroom, protect)",
word_phát,phát,to broadcast / to give out,
word_đối,đối,to face / pair,
word_c,c,(informal texting shorthand),
word_đêm,đêm,night,
word_trẻ,trẻ,young / child,
word_bệnh,bệnh,sickness,
word_gần,gần,near,
word_hoàn,hoàn,complete (as in hoàn thành),
word_trường,trường,school / field,
word_đợi,đợi,to wait,
word_tính,tính,to calculate / personality,
word_nhỉ,nhỉ,right? (tag question),
word_đất,đất,land / earth,
word_đứng,đứng,to stand,
word_ngồi,ngồi,to sit,
word_trông,trông,to look / watch over,
word_chiếc,chiếc,(vehicle/object classifier),
word_n,n,(informal texting shorthand),
word_xa,xa,far,
word_coi,coi,to consider / watch (informal),
word_chứng,chứng,evidence / proof,
word_ảnh,ảnh,photo,
word_kể,kể,to tell (a story),
word_khó,khó,difficult,
word_quyết,quyết,to decide,
word_chịu,chịu,to endure / bear,
word_năng,năng,energy / often,
word_tập,tập,to practice / episode,
word_súng,súng,gun,
word_vọng,vọng,hope (as in hy vọng),
word_giá,giá,price,
word_hoặc,hoặc,or,
word_sắp,sắp,about to,
word_xong,xong,finished / done,
word_tử,tử,child / death (in compounds),
word_đàn,đàn,herd / musical instrument,
word_sẵn,sẵn,ready / available,
word_kiểm,kiểm,to check,
word_mở,mở,to open,
word_cao,cao,tall / high,
word_uống,uống,to drink,
word_chuyển,chuyển,to move / transfer,
word_dừng,dừng,to stop,
word_ít,ít,little / few,
word_dưới,dưới,below / under,
word_đình,đình,(in gia đình = family),
word_chủ,chủ,owner / master,
word_chọn,chọn,to choose,
word_điên,điên,crazy,
word_vật,vật,object / animal,
word_thử,thử,to try,
word_thống,thống,system (as in hệ thống),
word_kiếm,kiếm,to search for / sword,
word_mắt,mắt,eye,
word_trưởng,trưởng,chief / head,
word_kế,kế,plan / next to,
word_phần,phần,part / portion,
word_biến,biến,to change / disappear,
word_lòng,lòng,heart / willingness,
word_sư,sư,master / teacher,
word_loại,loại,type / kind,
word_mạnh,mạnh,strong,
word_thuốc,thuốc,medicine,
word_đấu,đấu,to fight / compete,
word_thức,thức,to be awake / knowledge,
word_dễ,dễ,easy,
word_vợ,vợ,wife,
word_dụng,dụng,to use (as in sử dụng),
word_y,y,medicine (as in y tá = nurse),
word_trái,trái,fruit / left,
word_quái,quái,strange / monster,
word_phía,phía,direction / side,
word_tiến,tiến,to advance / progress,
word_đau,đau,to hurt / pain,
word_yeah,yeah,yeah,
word_điểm,điểm,point,
word_lực,lực,strength / force,
word_sai,sai,wrong / to send (someone),
word_ng,ng,(informal shorthand for người = person),
word_tệ,tệ,bad / terrible,
word_chắn,chắn,to block / certainly (as in chắc chắn),
word_quả,quả,fruit / result,
word_khốn,khốn,wretched / damned,
word_sàng,sàng,to filter / bed,
word_quên,quên,to forget,
word_phút,phút,minute,
word_minh,minh,bright / oneself (informal),
word_gã,gã,guy / fellow (often negative),
word_mừng,mừng,happy / glad,
word_kỳ,kỳ,period / strange,
word_hơi,hơi,a bit / steam,
word_a,a,ah (interjection),
word_chân,chân,foot / leg,
word_kinh,kinh,"(in experience, economy)",
word_tuần,tuần,week,
word_mua,mua,to buy,
word_thủ,thủ,"to keep / hand (as in procedure, player)",
word_đặc,đặc,special (as in đặc biệt),
word_may,may,fortunate / lucky,
word_duy,duy,only,
word_trí,trí,intelligence,
word_tàu,tàu,train / ship,
word_sức,sức,strength (as in health),
word_trò,trò,game / student,
word_quyền,quyền,right / power,
word_kìa,kìa,look! (pointing particle),
word_mỗi,mỗi,each,
word_quý,quý,precious / to respect,
word_phố,phố,street,
word_buổi,buổi,session (time of day),
word_thư,thư,letter (mail) / secretary,
word_hạ,hạ,lower / summer,
word_bài,bài,lesson / song,
word_đặt,đặt,to place / order,
word_tháng,tháng,month,
word_hôn,hôn,to kiss,
word_mai,mai,tomorrow,
word_tài,tài,talent / document,
word_diễn,diễn,to perform,
word_to,to,big / large,
word_the,the,(fragment),
word_phép,phép,permission,
word_nổi,nổi,to float / to become (as in famous),
word_pháp,pháp,law / method,
word_khách,khách,guest / customer,
word_đôi,đôi,pair / couple,
word_hiệu,hiệu,sign / brand (as in effective),
word_mặc,mặc,to wear,
word_vũ,vũ,dance / universe (in compounds),
word_yên,yên,calm (as in at ease),
word_quốc,quốc,nation / country,
word_máu,máu,blood,
word_hệ,hệ,system / relation,
word_đơn,đơn,order / simple,
word_khí,khí,air / gas / weapon,
word_khiến,khiến,to cause / make (someone do),
word_phá,phá,to destroy,
word_tục,tục,custom / to continue,
word_thú,thú,animal / interest,
word_tuổi,tuổi,age,
word_dân,dân,people / citizens,
word_chuẩn,chuẩn,standard / accurate,
word_tạo,tạo,to create,
word_cá,cá,fish,
word_luật,luật,law,
word_dẫn,dẫn,to lead / guide,
word_phục,phục,to serve / admire,
word_m,m,"(informal shorthand, 'me/you')",
word_nhiêu,nhiêu,(in bao nhiêu = how much),
word_mau,mau,quickly,
word_hiểm,hiểm,danger (as in nguy hiểm),
word_bàn,bàn,table / to discuss,
word_hoàng,hoàng,royal / yellow,
word_độ,độ,degree / level,
word_mạng,mạng,network / life,
word_sách,sách,book,
word_chó,chó,dog,
word_tiêu,tiêu,to spend (money) / pepper,
word_ư,ư,huh? (questioning particle),
word_phạm,phạm,to violate (as in crime),
word_chúc,chúc,to wish,
word_nhiệm,nhiệm,duty (as in trách nhiệm = responsibility),
word_thoại,thoại,speech (as in phone),
word_tinh,tinh,"essence, spirit",
word_tránh,tránh,to avoid,
word_gây,gây,to cause,
word_thúc,thúc,to urge / to end (as in kết thúc),
word_khu,khu,area / zone,
word_danh,danh,"name, fame",
word_tranh,tranh,to fight over / painting,
word_ổng,ổng,he/him (southern informal),
word_thắng,thắng,to win / brake,
word_cây,cây,tree,
word_xấu,xấu,"ugly, bad",
word_you,you,you (English),
word_xuất,xuất,to export / emerge,
word_áo,áo,shirt,
word_s,s,(fragment),
word_sếp,sếp,boss,
word_hy,hy,hope (as in hy vọng),
word_tiệt,tiệt,(fragment),
word_chí,chí,will / at least,
word_cấp,cấp,level / to provide,
word_giả,giả,fake / one who does (suffix),
word_xử,xử,"to handle, judge",
word_tấn,tấn,ton / to advance (military),
word_mật,mật,honey / secret,
word_thiết,thiết,necessary (as in cần thiết),
word_khá,khá,quite / fairly good,
word_liệu,liệu,to consider / I wonder if,
word_địa,địa,land / location (as in address),
word_lạc,lạc,lost,
word_bán,bán,to sell,
word_trình,trình,process (as in progress),
word_tượng,tượng,statue / elephant,
word_thoát,thoát,to escape,
word_tạm,tạm,temporary,
word_ngon,ngon,delicious,
word_đoán,đoán,to guess,
word_thiên,thiên,heaven / sky,
word_giáo,giáo,religion / spear,
word_mời,mời,to invite,
word_rời,rời,"to leave, depart",
word_thanh,thanh,sound / clear,
word_okay,okay,okay,
word_dự,dự,to plan / attend,
word_chàng,chàng,"young man, lad",
word_lệnh,lệnh,"order, command",
word_l,l,(fragment),
word_hứa,hứa,to promise,
word_nằm,nằm,to lie down,
word_sớm,sớm,early,
word_hey,hey,hey,
word_dối,dối,"to lie, deceive",
word_dịch,dịch,to translate / epidemic,
word_viết,viết,to write,
word_hoạch,hoạch,plan (as in kế hoạch),
word_vời,vời,(in tuyệt vời = wonderful),
word_giữa,giữa,in the middle of,
word_ma,ma,ghost,
word_bóng,bóng,ball / shadow,
word_hộ,hộ,to help / on behalf of,
word_nghỉ,nghỉ,to rest,
word_sử,sử,history,
word_nạn,nạn,"disaster, victim",
word_hại,hại,harm,
word_căn,căn,(house/unit classifier),
word_tim,tim,heart,
word_nguy,nguy,danger,
word_hồ,hồ,lake,
word_dậy,dậy,"to wake up, get up",
word_băng,băng,ice / tape,
word_mục,mục,section / column,
word_phim,phim,movie,
word_giỏi,giỏi,"good at, skilled",
word_viện,viện,institute (as in bệnh viện = hospital),
word_hướng,hướng,direction,
word_tế,tế,(in economy),
word_tĩnh,tĩnh,"calm, still",
word_thuật,thuật,skill / technique,
word_nhóc,nhóc,kid (informal),
word_đọc,đọc,to read,
word_kiểu,kiểu,style / type,
word_trị,trị,"to rule, treat (medically)",
word_phản,phản,to oppose / tray,
word_giao,giao,to deliver,
word_tù,tù,prison,
word_rối,rối,"tangled, confused",
word_trốn,trốn,"to hide, escape",
word_rượu,rượu,alcohol,
word_đá,đá,rock / kick / ice,
word_bước,bước,step,
word_dấu,dấu,"mark, sign",
word_ngu,ngu,stupid,
word_đức,đức,virtue / Germany,
word_cười,cười,to laugh / smile,
word_tư,tư,private / fourth,
word_cánh,cánh,wing,
word_vòng,vòng,"ring, loop",
word_mỹ,mỹ,beautiful / America,
word_hoa,hoa,flower,
word_lập,lập,to establish,
word_lạ,lạ,strange / unfamiliar,
word_tổng,tổng,total,
word_ban,ban,committee / to grant,
word_đóng,đóng,to close / pay,
word_tác,tác,work / act (as in cooperate),
word_hề,hề,clown / (in không hề = not at all),
word_lượng,lượng,quantity,
word_tụi,tụi,(informal 'we/you guys'),
word_càng,càng,the more... (comparison),
word_thận,thận,(in cẩn thận = careful),
word_di,di,to move (as in di chuyển),
word_bánh,bánh,cake / bread,
word_da,da,skin,
word_ngốc,ngốc,"silly, foolish",
word_án,án,(in plan/proposal),
word_đám,đám,"crowd, group",
word_tham,tham,greedy / to participate,
word_tức,tức,angry / meaning (as in tức là),
word_văn,văn,literature / culture,
word_mong,mong,to hope,
word_già,già,old,
word_nghiệp,nghiệp,"career, karma",
word_thuyền,thuyền,boat,
word_bí,bí,pumpkin / secret,
word_trang,trang,page / to decorate,
word_nè,nè,here (particle),
word_lũ,lũ,flood / group (derogatory),
word_hồi,hồi,period / time,
word_độc,độc,poison / alone,
word_hạnh,hạnh,virtue (as in hạnh phúc = happiness),
word_khỏe,khỏe,healthy,
word_hẹn,hẹn,appointment / to promise,
word_gửi,gửi,to send,
word_đùa,đùa,to joke,
word_trừ,trừ,"to subtract, except",
word_cáo,cáo,report (as in báo cáo),
word_khoảng,khoảng,about / around,
word_nhảy,nhảy,to jump / dance,
word_giác,giác,sense / angle,
word_thầy,thầy,teacher (male),
word_đầy,đầy,full,
word_khoan,khoan,to drill / wait a moment,
word_món,món,dish,
word_khả,khả,(in khả năng = ability),
word_phi,phi,to fly / non-,
word_nghiệm,nghiệm,experience / to test,
word_hóa,hóa,"to become, chemistry",
word_cẩn,cẩn,(in cẩn thận = careful),
word_suy,suy,to think (as in suy nghĩ),
word_đông,đông,crowded / winter / east,
word_suốt,suốt,throughout,
word_vua,vua,king,
word_kéo,kéo,to pull / scissors,
word_chồng,chồng,husband,
word_thất,thất,to lose / seven (formal),
word_đô,đô,dollar (informal),
word_nhật,nhật,day / Japan,
word_nghi,nghi,to suspect,
word_khủng,khủng,"huge, terrifying",
word_tiếc,tiếc,to regret,
word_dành,dành,to save / reserve,
word_thị,thị,market / to see (formal),
word_lái,lái,to drive,
word_tương,tương,sauce / mutual (as in future),
word_bữa,bữa,meal,
word_chả,chả,not (southern) / pork roll,
word_kiếp,kiếp,"lifetime, fate",
word_trận,trận,"battle, match",
word_im,im,"quiet, silent",
word_bức,bức,stuffy / (painting classifier),
word_mãi,mãi,forever,
word_triệu,triệu,million,
word_quanh,quanh,around,
word_màu,màu,color,
word_buồn,buồn,sad,
word_riêng,riêng,separate / private,
word_biển,biển,sea / sign,
word_nàng,nàng,"she, young lady (literary)",
word_dài,dài,long,
word_đỡ,đỡ,to help / better (recovering),
word_sơ,sơ,basic / first (as in first aid),
word_ngờ,ngờ,"to suspect, expect",
word_nổ,nổ,to explode,
word_đạo,đạo,"way, path, religion",
word_đem,đem,to bring,
word_linh,linh,spirit / flexible,
word_chức,chức,position / rank,
word_chất,chất,"substance, quality",
word_thẳng,thẳng,straight,
word_chống,chống,to resist / oppose,
word_mơ,mơ,to dream,
word_tổ,tổ,nest / group,
word_hoạt,hoạt,active (as in hoạt động),
word_mắn,mắn,fertile / lucky (as in may mắn),
word_lịch,lịch,schedule / calendar,
word_gắng,gắng,to try (as in cố gắng),
word_quen,quen,familiar / used to,
word_chừng,chừng,about / approximately,
word_thù,thù,"enemy, revenge",
word_khóa,khóa,lock / academic year,
word_đuổi,đuổi,to chase,
word_nguyên,nguyên,original / whole,
word_cầm,cầm,to hold,
word_thuộc,thuộc,to belong to / to memorize,
word_lửa,lửa,fire,
word_uh,uh,uh,
word_lính,lính,soldier,
word_ghét,ghét,to hate,
word_dạy,dạy,to teach,
word_ngăn,ngăn,"to prevent, compartment",
word_kiến,kiến,ant / opinion,
word_thả,thả,to release,
word_thu,thu,autumn / to collect,
word_thiếu,thiếu,to lack,
word_ngôi,ngôi,(house/star classifier) / throne,
word_lợi,lợi,"benefit, profit",
word_nam,nam,south / male,
word_chia,chia,to divide / share,
word_cắt,cắt,to cut,
word_dây,dây,rope / wire / string,
word_lắng,lắng,to listen carefully / to settle,
word_thậm,thậm,(in thậm chí = even),
word_sở,sở,office / bureau,
word_nhập,nhập,"to enter, import",
word_trách,trách,to blame (as in responsibility),
word_ghi,ghi,to note down / record,
word_đen,đen,black,
word_lão,lão,old man,
word_cưới,cưới,to marry,
word_hẳn,hẳn,definitely,
word_ly,ly,glass (cup),
word_âm,âm,sound / negative,
word_nghị,nghị,(in nghị quyết = resolution),
word_ngựa,ngựa,horse,
word_binh,binh,"soldier, military",
word_cũ,cũ,old,
word_vàng,vàng,"gold, yellow",
word_phân,phân,to divide / fertilizer,
word_hủy,hủy,"to cancel, destroy",
word_phương,phương,direction / method,
word_v,v,(fragment),
word_trợ,trợ,to assist (as in hỗ trợ),
word_ngoại,ngoại,foreign / maternal grandparent,
word_tây,tây,west / western,
word_tòa,tòa,"court, building",
word_tai,tai,ear,
word_truyền,truyền,to transmit,
word_đạn,đạn,bullet,
word_kì,kì,"period, strange (variant)",
word_ký,ký,to sign,
word_nghiêm,nghiêm,"strict, serious",
word_tá,tá,dozen / captain (rank),
word_vết,vết,mark / scar,
word_nhắc,nhắc,to remind,
word_đảm,đảm,to guarantee,
word_tiệc,tiệc,party,
word_dám,dám,to dare,
word_la,la,to shout,
word_ok,ok,okay,
word_quần,quần,pants,
word_mối,mối,relationship / termite,
word_chấp,chấp,"to accept, allow",
word_phiền,phiền,to bother / trouble,
word_th,th,(fragment),
word_đổ,đổ,to pour / to fall over,
word_lựa,lựa,to choose (as in lựa chọn),
word_ràng,ràng,(in ràng buộc = bind),
word_nửa,nửa,half,
word_lầm,lầm,mistaken,
word_chung,chung,shared / common,
word_chế,chế,"to make, mock",
word_ước,ước,to wish,
word_chi,chi,to spend (money),
word_cướp,cướp,to rob,
word_hi,hi,hi,
word_john,john,John (name),
word_nhờ,nhờ,to ask a favor,
word_bại,bại,"to fail, defeat",
word_quỷ,quỷ,devil,
word_huy,huy,to wave (a flag),
word_ch,ch,(fragment),
word_đằng,đằng,"direction, side",
word_tiểu,tiểu,small / to urinate,
word_hát,hát,to sing,
word_cử,cử,to elect,
word_ca,ca,shift (work),
word_cưng,cưng,darling / dear,
word_mã,mã,code (as in mã số),
word_chuyến,chuyến,trip,
word_thi,thi,to take an exam / poetry,
word_khăn,khăn,"scarf, towel",
word_lễ,lễ,ceremony,
word_lai,lai,origin (as in tương lai),
word_vượt,vượt,"to surpass, cross",
word_lối,lối,way / path,
word_thuyết,thuyết,theory,
word_tha,tha,to forgive,
word_nóng,nóng,hot,
word_vùng,vùng,region / area,
word_phúc,phúc,fortune / blessing,
word_giấy,giấy,paper,
word_tích,tích,to accumulate / story,
word_thái,thái,to slice / attitude,
word_nhạc,nhạc,music,
word_tận,tận,"until, to the utmost",
word_rắc,rắc,to sprinkle (as in rắc rối = trouble),
word_u,u,(fragment),
word_buộc,buộc,"to tie, force",
word_xét,xét,to examine,
word_kích,kích,to stimulate,
word_đoàn,đoàn,"group, delegation",
word_tiết,tiết,"detail, section / to secrete",
word_thịt,thịt,meat,
word_tóc,tóc,hair,
word_trắng,trắng,white,
word_thuận,thuận,favorable,
word_phù,phù,(in phù hợp = suitable),
word_rơi,rơi,to fall,
word_chăm,chăm,diligent,
word_lạnh,lạnh,cold,
word_cực,cực,"pole, extremely",
word_nhóm,nhóm,group,
word_kim,kim,needle / gold (compound),
word_b,b,(fragment),
word_tỉnh,tỉnh,"province / to wake up, sober",
word_cộng,cộng,plus / to add,
word_mái,mái,roof,
word_ty,ty,(in công ty = company),
word_cung,cung,palace / to supply,
word_săn,săn,to hunt,
word_cuốn,cuốn,to roll / (book classifier),
word_tướng,tướng,general (military),
word_dữ,dữ,fierce / data,
word_giận,giận,angry,
word_thượng,thượng,"upper, superior",
word_miệng,miệng,mouth,
word_soát,soát,to check (as in kiểm soát),
word_sản,sản,property / product,
word_tăng,tăng,to increase,
word_ứng,ứng,to respond,
word_bắc,bắc,north,
word_vi,vi,micro- / to violate,
word_trộm,trộm,to steal,
word_phí,phí,fee / to waste,
word_sửa,sửa,to fix / repair,
word_lệ,lệ,"tear / rule, custom",
word_cà,cà,(in cà phê = coffee),
word_lừa,lừa,to deceive / donkey,
word_mức,mức,"level, degree",
word_túi,túi,bag,
word_thánh,thánh,saint,
word_đỏ,đỏ,red,
word_giây,giây,second (time) / wire,
word_hưởng,hưởng,"to enjoy, receive (benefit)",
word_yếu,yếu,weak,
word_dõi,dõi,to follow (as in theo dõi),
word_and,and,and (English),
word_ích,ích,benefit,
word_trại,trại,camp,
word_cơn,cơn,"wave, fit (of anger)",
word_khai,khai,"to declare, open",
word_sâu,sâu,deep,
word_vương,vương,king / to be entangled,
word_thở,thở,to breathe,
word_jack,jack,Jack (name),
word_tí,tí,a little bit,
word_ah,ah,ah,
word_diện,diện,"face, aspect",
word_hồn,hồn,soul,
word_hầu,hầu,to serve / monkey (compound),
word_đảo,đảo,island / to overturn,
word_tín,tín,"trust, credit",
word_xúc,xúc,"to touch, feel",
word_nỗi,nỗi,"feeling, sorrow",
word_phủ,phủ,government / to cover,
word_biểu,biểu,to express / chart,
word_hòa,hòa,"peace, to draw (a game)",
word_loạn,loạn,chaos,
word_nặng,nặng,heavy,
word_tấm,tấm,(flat-object classifier),
word_lớp,lớp,"class, layer",
word_bom,bom,bomb,
word_nh,nh,(fragment),
word_chuyên,chuyên,specialized,
word_ác,ác,evil,
word_bận,bận,busy,
word_huynh,huynh,older brother (formal),
word_dĩ,dĩ,(in dĩ nhiên = of course),
word_chương,chương,chapter,
word_lí,lí,reason (variant of lý),
word_chữa,chữa,"to cure, fix",
word_lãnh,lãnh,"to receive (formal, as in lãnh đạo = lead)",
word_đột,đột,suddenly,
word_kính,kính,glasses / to respect,
word_rút,rút,"to withdraw, pull out",
word_phóng,phóng,"to release, speed",
word_ở,ở,at / in / to live,
word_thỏa,thỏa,satisfied,
word_khỉ,khỉ,monkey,
word_á,á,Asia / oh! (exclamation),
word_lộ,lộ,road / to reveal,
word_cạnh,cạnh,edge / next to,
word_kỹ,kỹ,careful / skillful,
word_hậu,hậu,after / queen,
word_hùng,hùng,"hero, brave",
word_sang,sang,"to cross over / classy, luxurious",
word_thề,thề,to swear (an oath),
word_đoạn,đoạn,section / segment,
word_sóc,sóc,squirrel,
word_khẩu,khẩu,mouth (as in mask),
word_luyện,luyện,"to train, practice",
word_thăm,thăm,to visit,
word_giản,giản,simple (as in đơn giản),
word_sạch,sạch,clean,
word_frank,frank,Frank (name),
word_chim,chim,bird,
word_xếp,xếp,"to arrange, rank",
word_nha,nha,(softening particle),
word_quán,quán,shop / stall,
word_mùi,mùi,smell,
word_ánh,ánh,"light, ray",
word_đón,đón,"to welcome, pick up",
word_lá,lá,leaf,
word_tồi,tồi,"bad, poor quality",
word_phong,phong,wind / envelope / style,
word_ngạc,ngạc,(in ngạc nhiên = surprised),
word_giấu,giấu,to hide,
word_thủy,thủy,water (formal),
word_quản,quản,to manage (as in quản lý),
word_thuê,thuê,to rent,
word_lành,lành,benign / gentle / healed,
word_tôn,tôn,to honor / Buddhist (compound),
word_tường,tường,wall,
word_hỏng,hỏng,broken,
word_não,não,brain,
word_new,new,new (English),
word_tầm,tầm,"range, scope",
word_ê,ê,hey! (calling attention),
word_vực,vực,area / region,
word_loài,loài,species,
word_hộp,hộp,box,
word_xanh,xanh,green / blue,
word_tắm,tắm,to bathe,
word_tắt,tắt,to turn off,
word_ngừng,ngừng,to stop,
word_siêu,siêu,super-,
word_dọn,dọn,to clean up / to move,
word_nhắn,nhắn,to send a message,
word_ấn,ấn,to press / India,
word_thừa,thừa,"surplus, redundant",
word_ô,ô,umbrella / square (grid),
word_nguyện,nguyện,"to wish, vow",
word_dựng,dựng,to set up,
word_sân,sân,yard / court (as in sân bay = airport),
word_nợ,nợ,debt,
word_lặng,lặng,"quiet, silent",
word_nội,nội,internal / paternal grandparent,
word_mùa,mùa,season,
word_it,it,(English fragment),
word_đập,đập,"to hit, smash / dam",
word_diệt,diệt,to exterminate,
word_chà,chà,wow / to rub,
word_tầng,tầng,floor / level,
word_hạn,hạn,deadline / limit,
word_kiện,kiện,case / lawsuit,
word_mắc,mắc,expensive / caught,
word_trực,trực,on duty / direct,
word_đài,đài,"radio station, platform",
word_muộn,muộn,late,
word_bạc,bạc,silver / gambling,
word_sót,sót,"to miss, overlook",
word_lưu,lưu,to save / keep,
word_can,can,to intervene / can (container),
word_quà,quà,gift,
word_say,say,drunk,
word_đống,đống,"pile, heap",
word_khắp,khắp,everywhere,
word_hút,hút,to smoke / suck,
word_giám,giám,to supervise (as in giám đốc),
word_giường,giường,bed,
word_chặn,chặn,to block,
word_hảo,hảo,good (formal),
word_xinh,xinh,pretty,
word_cục,cục,"lump / department, bureau",
word_trấn,trấn,town (as in thị trấn),
word_in,in,to print,
word_du,du,to travel (as in du lịch),
word_núi,núi,mountain,
word_đích,đích,target / goal,
word_nắm,nắm,to grasp,
word_chạm,chạm,to touch,
word_nguồn,nguồn,source,
word_chụp,chụp,to take (a photo),
word_phê,phê,(in cà phê = coffee),
word_h,h,(fragment),
word_hữu,hữu,friend / right (side),
word_khoa,khoa,"department, faculty",
word_so,so,to compare,
word_truy,truy,"to pursue, track down",
word_thua,thua,to lose,
word_tồn,tồn,to exist (as in tồn tại),
word_tàn,tàn,"to wither, remnant",
word_xây,xây,to build,
word_dính,dính,"sticky, stuck",
word_bang,bang,state (as in tiểu bang),
word_ngân,ngân,bank (as in budget),
word_ném,ném,to throw,
word_tờ,tờ,sheet (paper/bill),
word_chìa,chìa,key (as in chìa khoá),
word_nuôi,nuôi,to raise / feed,
word_đói,đói,hungry,
word_kh,kh,(fragment),
word_nhầm,nhầm,to mistake,
word_đẩy,đẩy,to push,
word_of,of,(English),
word_khóc,khóc,to cry,
word_kêu,kêu,to call out / cry,
word_giấc,giấc,"a sleep, a dream",
word_dục,dục,desire / to educate,
word_khổ,khổ,suffering,
word_bốn,bốn,four,
word_chặt,chặt,"to cut, tight",
word_ẩn,ẩn,to hide,
word_hiệp,hiệp,round / period (sports),
word_úy,úy,(military rank suffix),
word_no,no,full (from eating),
word_áp,áp,pressure (as in áp lực),
word_chán,chán,bored,
word_rừng,rừng,forest,
word_nghệ,nghệ,art / turmeric,
word_mẫu,mẫu,"sample, mother (formal)",
word_trễ,trễ,late,
word_luận,luận,to discuss,
word_thang,thang,ladder / stairs (as in cầu thang),
word_hào,hào,brave / (currency unit),
word_sổ,sổ,"notebook, register",
word_đèn,đèn,lamp / light,
word_lưng,lưng,back (body part),
word_phận,phận,"fate, part",
word_quy,quy,rule (as in quy định),
word_vận,vận,"fate, transport",
word_khởi,khởi,to start (as in khởi hành),
word_chậm,chậm,slow,
word_biên,biên,border / to compile,
word_tộc,tộc,ethnic group,
word_chữ,chữ,word / character (written),
word_cháy,cháy,to burn,
word_khắc,khắc,to engrave / moment,
word_dàng,dàng,(in dễ dàng = easy),
word_dòng,dòng,"stream, line (of text)",
word_bò,bò,cow / to crawl,
word_ngàn,ngàn,thousand (variant),
word_hổ,hổ,tiger,
word_dị,dị,allergic (as in dị ứng),
word_dọa,dọa,to threaten,
word_túc,túc,adequate (as in đầy đủ),
word_xứng,xứng,"worthy, matching",
word_giảm,giảm,to reduce,
word_bầu,bầu,to elect / gourd,
word_mệt,mệt,tired,
word_nhẫn,nhẫn,ring / patience,
word_đào,đào,to dig / peach,
word_trải,trải,"to spread, experience",
word_châu,châu,continent / pearl,
word_mê,mê,to be infatuated with,
word_trạng,trạng,"state, condition",
word_ngục,ngục,prison (as in địa ngục = hell),
word_hầm,hầm,"tunnel, basement",
word_kỷ,kỷ,era / record,
word_mi,mi,you (poetic) / eyelash,
word_tiện,tiện,convenient,
word_tốc,tốc,speed (as in tốc độ),
word_hoang,hoang,wild / deserted,
word_tung,tung,"to throw up, spread",
word_gà,gà,chicken,
word_chiều,chiều,afternoon / to spoil (someone),
word_sam,sam,Sam (name),
word_whoa,whoa,whoa,
word_lỗ,lỗ,hole / financial loss,
word_ừm,ừm,um,
word_thiệt,thiệt,"truly (southern) / loss, damage",
word_mệnh,mệnh,"life, fate",
word_vỡ,vỡ,"to break, shatter",
word_triển,triển,to develop (as in phát triển),
word_dương,dương,"ocean / male, positive",
word_sắc,sắc,"color, sharp",
word_me,me,(English fragment),
word_nghiên,nghiên,to research,
word_tặng,tặng,to give as a gift,
word_cư,cư,to reside,
word_sáu,sáu,six,
word_ám,ám,to haunt,
word_dao,dao,knife,
word_my,my,(English),
word_sa,sa,to fall into,
word_lạy,lạy,"to bow, plead",
word_hải,hải,sea (formal),
word_vinh,vinh,"glory, honor",
word_tổn,tổn,to harm (as in tổn thương),
word_đệ,đệ,younger brother (formal),
word_mũi,mũi,nose,
word_o,o,(fragment),
word_nga,nga,Russia,
word_tóm,tóm,"to grab, summarize",
word_chảy,chảy,to flow,
word_lùi,lùi,"to retreat, back up",
word_ninh,ninh,peaceful (as in an ninh),
word_ngoan,ngoan,well-behaved,
word_xung,xung,to clash (as in xung đột),
word_dạ,dạ,yes (polite),
word_tỏ,tỏ,"to show, express",
word_hứng,hứng,"mood, inspiration",
word_toán,toán,math (as in toán học),
word_hài,hài,comedy / satisfied,
word_york,york,York (name/place),
word_vai,vai,shoulder / role,
word_khám,khám,to examine (medically),
word_che,che,to cover,
word_mông,mông,buttocks,
word_sông,sông,river,
word_bội,bội,to betray (as in phản bội),
word_ống,ống,"tube, pipe",
word_vĩ,vĩ,great (as in vĩ đại),
word_bi,bi,sad (as in bi kịch),
word_hồng,hồng,pink,
word_miễn,miễn,free of charge / exempt,
word_ghế,ghế,chair,
word_đốc,đốc,(in đốc thúc = urge / giám đốc = director),
word_ha,ha,"(particle, 'right?')",
word_lương,lương,salary,
word_thẩm,thẩm,to judge (as in thẩm phán),
word_d,d,(fragment),
word_ngược,ngược,"opposite, reverse",
word_thiệu,thiệu,to introduce (as in giới thiệu),
word_giọng,giọng,"voice, accent",
word_khiển,khiển,to control (as in điều khiển),
word_dặm,dặm,mile,
word_thưởng,thưởng,to reward,
word_chối,chối,to deny (as in từ chối),
word_bụng,bụng,stomach / belly,
word_niềm,niềm,feeling (as in niềm vui),
word_hỏa,hỏa,fire (formal),
word_khoản,khoản,amount / item,
word_well,well,well (English),
word_peter,peter,Peter (name),
word_kịch,kịch,drama,
word_rộng,rộng,wide,
word_sạn,sạn,(in khách sạn = hotel),
word_tán,tán,to chat up / umbrella-shaped,
word_phán,phán,"to judge, decree",
word_james,james,James (name),
word_bè,bè,raft / clique,
word_gió,gió,wind,
word_nối,nối,to connect,
word_hấp,hấp,to steam (cooking),
word_thoải,thoải,comfortable (as in relaxed),
word_thờ,thờ,to worship,
word_lôi,lôi,to drag / thunder,
word_cập,cập,(in cập nhật = update),
word_giam,giam,to detain,
word_đốt,đốt,to burn,
word_nhẹ,nhẹ,light (weight) / gentle,
word_chiếm,chiếm,"to occupy, seize",
word_họp,họp,meeting,
word_ghê,ghê,scary / intense,
word_e,e,(fragment),
word_mộ,mộ,grave / to admire,
word_vẽ,vẽ,to draw,
word_on,on,(fragment),
word_địch,địch,enemy (as in kẻ địch),
word_kho,kho,warehouse / to braise,
word_dì,dì,aunt (mother's sister),
word_cắp,cắp,to steal (as in ăn cắp),
word_phẩm,phẩm,product / item,
word_đâm,đâm,to stab,
word_chuột,chuột,"mouse, rat",
word_wow,wow,wow,
word_that,that,(English),
word_tạp,tạp,mixed (as in tạp chí = magazine),
word_đeo,đeo,to wear (accessories),
word_hãi,hãi,scared (as in sợ hãi),
word_phu,phu,laborer / husband (formal),
word_trao,trao,to hand over,
word_cản,cản,"to block, obstruct",
word_lao,lao,"to dive, labor",
word_nghề,nghề,profession,
word_màn,màn,"screen, curtain",
word_cặp,cặp,"pair, couple",
word_răng,răng,teeth,
word_bạo,bạo,violent,
word_trống,trống,drum / empty,
word_trụ,trụ,pillar (as in trụ sở),
word_thám,thám,to investigate (as in thám tử),
word_cụ,cụ,elderly person / tool,
word_xuyên,xuyên,to pierce through,
word_canh,canh,to guard / soup,
word_cờ,cờ,flag / chess,
word_khiếp,khiếp,terrified,
word_hạt,hạt,"seed, grain",
word_vớ,vớ,sock / to grab,
word_thí,thí,to sacrifice (as in thí nghiệm),
word_cứng,cứng,"hard, stiff",
word_thiện,thiện,"good, kind",
word_xương,xương,bone,
word_thợ,thợ,worker / craftsman,
word_michael,michael,Michael (name),
word_thảm,thảm,carpet / tragic,
word_lan,lan,to spread / orchid,
word_tố,tố,to accuse / element,
word_mèo,mèo,cat,
word_tan,tan,"to dissolve, end",
word_rồng,rồng,dragon,
word_trăm,trăm,hundred,
word_môn,môn,"subject (academic), gate",
word_điệp,điệp,spy (as in gián điệp),
word_phạt,phạt,"to punish, fine",
word_hò,hò,to shout / cheer,
word_um,um,um,
word_kẹt,kẹt,stuck,
word_cú,cú,"owl / a hit, blow",
word_long,long,dragon (compound) / to loosen,
word_ngực,ngực,chest,
word_ben,ben,Ben (name),
word_đua,đua,to race,
word_dạng,dạng,"form, shape",
word_rồ,rồ,crazy,
word_đế,đế,"base, foundation / emperor",
word_bả,bả,poison bait / shoulder (informal),
word_lục,lục,six (formal) / land,
word_trùng,trùng,to coincide / worm,
word_xưa,xưa,"ancient, old times",
word_xã,xã,commune / society,
word_g,g,(fragment),
word_đe,đe,to threaten (as in đe dọa),
word_khuyên,khuyên,to advise,
word_hư,hư,"broken, naughty",
word_rửa,rửa,to wash,
word_tùy,tùy,to depend on,
word_sóng,sóng,wave,
word_giày,giày,shoes,
word_thẻ,thẻ,card,
word_giàu,giàu,rich,
word_khứ,khứ,(in quá khứ = past),
word_treo,treo,to hang,
word_leo,leo,to climb,
word_cân,cân,to weigh / kilogram (informal),
word_harry,harry,Harry (name),
word_lãng,lãng,wasteful / romantic,
word_bãi,bãi,beach / lot,
word_võ,võ,martial arts,
word_cóc,cóc,toad,
word_tắc,tắc,"jam, blocked (as in tắc đường)",
word_lẫn,lẫn,mixed with / each other,
word_câm,câm,mute,
word_trần,trần,"ceiling / bare, naked",
word_cổng,cổng,gate,
word_cãi,cãi,to argue (as in tranh cãi),
word_lang,lang,(in sweet potato),
word_cận,cận,near (as in gần cận),
word_ngọn,ngọn,"peak, tip",
word_gấp,gấp,urgent / to fold,
word_bơi,bơi,to swim,
word_bẩn,bẩn,dirty,
word_bám,bám,to cling / stick to,
word_trưa,trưa,noon,
word_phó,phó,"deputy, vice-",
word_thai,thai,"fetus, pregnancy",
word_mẽ,mẽ,appearance (as in ra vẻ),
word_đụng,đụng,to bump into,
word_mike,mike,Mike (name),
word_jim,jim,Jim (name),
word_hung,hung,"fierce, ferocious",
word_đồn,đồn,station / to rumor,
word_tải,tải,"to carry, download",
word_claire,claire,Claire (name),
word_nhiệt,nhiệt,heat (as in nhiệt độ),
word_sứ,sứ,envoy / porcelain,
word_đòi,đòi,to demand,
word_lỡ,lỡ,"to miss (an opportunity), accidentally",
word_tống,tống,"to expel, extort",
word_ép,ép,"to force, press",
word_dần,dần,gradually,
word_lui,lui,to retreat,
word_mạch,mạch,"pulse, circuit",
word_kịp,kịp,in time,
word_bật,bật,to switch on,
word_hối,hối,to urge / to regret (as in hối hận),
word_thấp,thấp,short / low,
word_đạt,đạt,to achieve,
word_đáp,đáp,"to answer, land (a plane)",
word_charlie,charlie,Charlie (name),
word_cỡ,cỡ,size,
word_đựng,đựng,"to contain, hold",
word_ấm,ấm,warm / kettle,
word_nhiễm,nhiễm,to be infected,
word_tước,tước,"to strip (of rank), title",
word_nhắm,nhắm,to aim / to close (eyes),
word_rachel,rachel,Rachel (name),
word_rác,rác,trash,
word_cởi,cởi,"to take off (clothes), untie",
word_đc,đc,okay (informal shorthand),
word_mồm,mồm,mouth (informal),
word_xâm,xâm,to invade (as in xâm lược),
word_don,don,Don (name),
word_mảnh,mảnh,"piece, fragment",
word_david,david,David (name),
word_ngón,ngón,"finger, toe",
word_cất,cất,to store away,
word_khẩn,khẩn,urgent,
word_chiếu,chiếu,to show / screen,
word_dụ,dụ,"to lure, entice",
word_vẩn,vẩn,murky (as in vẩn đục),
word_tuy,tuy,although,
word_bia,bia,beer / gravestone,
word_chấm,chấm,"dot, period",
word_joey,joey,Joey (name),
word_dung,dung,appearance / to tolerate (as in dung thứ),
word_đậu,đậu,bean / to pass (exam) / to park,
word_phiếu,phiếu,"ticket, voucher",
word_tom,tom,Tom (name),
word_mười,mười,ten,
word_thơ,thơ,poetry,
word_mưu,mưu,"scheme, plot",
word_bờ,bờ,"shore, bank",
word_ảo,ảo,"virtual, illusory",
word_xu,xu,cent / trend,
word_ngã,ngã,to fall,
word_nát,nát,crushed / ruined,
word_dũng,dũng,brave (as in dũng cảm),
word_vé,vé,ticket,
word_lĩnh,lĩnh,"to receive, lead (variant of lãnh)",
word_ngang,ngang,"level, horizontal, stubborn",
word_gan,gan,liver / brave,
word_chai,chai,bottle,
word_trà,trà,tea,
word_căng,căng,"tense, stretched",
word_ross,ross,Ross (name),
word_đăng,đăng,to post / register,
word_man,man,(English),
word_kí,kí,kilogram (informal),
word_lát,lát,a slice / moment,
word_r,r,(fragment),
word_thèm,thèm,to crave,
word_alex,alex,Alex (name),
word_dạo,dạo,to stroll / recently (dạo này),
word_bếp,bếp,kitchen,
word_chôn,chôn,to bury,
word_liều,liều,dose / reckless,
word_trúng,trúng,"to hit (a target), win (lottery)",
word_đéo,đéo,(vulgar negation),
word_all,all,(English),
word_đương,đương,(in đương nhiên = of course),
word_dẹp,dẹp,"to clear away, flatten",
word_đếm,đếm,to count,
word_george,george,George (name),
word_doanh,doanh,business (as in doanh nghiệp),
word_what,what,(English),
word_bảy,bảy,seven,
word_chỉnh,chỉnh,to adjust,
word_mưa,mưa,rain,
word_góc,góc,corner / angle,
word_niệm,niệm,to recite / commemorate,
word_làng,làng,village,
word_giáng,giáng,to strike (a blow) / Christmas (Giáng sinh),
word_đa,đa,"many, multi-",
word_ngơi,ngơi,(in nghỉ ngơi = rest),
word_phức,phức,complex (as in phức tạp),
word_dựa,dựa,"to lean on, rely on",
word_we,we,(English),
word_hỗ,hỗ,(in hỗ trợ = support),
word_miếng,miếng,"piece, bite",
word_thảo,thảo,to draft / grass (compound),
word_fbi,fbi,FBI,
word_sỹ,sỹ,"scholar, -ist (variant)",
word_tái,tái,"to relapse, pale / rare (meat)",
word_nô,nô,slave (as in nô lệ),
word_hmm,hmm,hmm,
word_hoại,hoại,"to decay, damage",
word_thăng,thăng,"to rise, promote",
word_huấn,huấn,to train (as in huấn luyện),
word_gác,gác,"to guard / attic, floor",
word_trăng,trăng,moon,
word_joe,joe,Joe (name),
word_ngắn,ngắn,short,
word_mô,mô,(in mô hình = model),
word_túy,túy,(in say túy = drunk),
word_chứa,chứa,to contain,
word_dầu,dầu,oil,
word_nấu,nấu,to cook,
word_nông,nông,shallow / agriculture,
word_chớ,chớ,"don't (imperative, southern)",
word_nãy,nãy,just now (as in vừa nãy),
word_oliver,oliver,Oliver (name),
word_thách,thách,"to challenge, dare",
word_cấm,cấm,to forbid,
word_nâng,nâng,to lift,
word_ph,ph,(fragment),
word_gương,gương,mirror,
word_is,is,(English),
word_đỉnh,đỉnh,peak / summit,
word_điếm,điếm,prostitute (vulgar),
word_sắt,sắt,iron,
word_sẻ,sẻ,to share / sparrow,
word_dứt,dứt,"to end, stop",
word_hân,hân,(in hân hạnh = honored),
word_lộn,lộn,"to flip, mix up",
word_mạo,mạo,(in cảm mạo = cold; mạo hiểm = risky),
word_hoảng,hoảng,panicked,
word_tu,tu,to cultivate (spiritually) / to repair,
word_mù,mù,blind,
word_bẫy,bẫy,trap,
word_tuyên,tuyên,to declare (as in tuyên bố),
word_ngại,ngại,shy / hesitant,
word_kệ,kệ,shelf / never mind,
word_lượt,lượt,turn / time,
word_huh,huh,huh,
word_your,your,(English),
word_thổi,thổi,to blow,
word_thập,thập,ten (formal),
word_will,will,(English/name),
word_thùng,thùng,"barrel, box",
word_ủng,ủng,boot / to support,
word_ôm,ôm,to hug,
word_họa,họa,disaster / painting,
word_buôn,buôn,to trade (as in buôn bán),
word_dâm,dâm,lewd,
word_phẫu,phẫu,(in phẫu thuật = surgery),
word_trứng,trứng,egg,
word_môi,môi,lips,
word_trạm,trạm,station (as in trạm dừng chân = rest stop),
word_tuyết,tuyết,snow,
word_cải,cải,to reform / vegetable,
word_cốc,cốc,"cup, glass",
word_mát,mát,cool,
word_mary,mary,Mary (name),
word_phiên,phiên,"session, shift (work)",
word_xóa,xóa,to erase,
word_lùng,lùng,(in tìm lùng = search for),
word_bảng,bảng,"board, list, table",
word_ho,ho,to cough,
word_mụ,mụ,"witch, hag (derogatory)",
word_gi,gi,(fragment),
word_tả,tả,to describe / left (side),
word_khổng,khổng,(in Khổng Tử = Confucius),
word_cắn,cắn,to bite,
word_ngọt,ngọt,sweet,
word_đấm,đấm,to punch,
word_khiêu,khiêu,"to provoke, dance",
word_gấu,gấu,bear,
word_house,house,"house (English, show title)",
word_giành,giành,"to compete for, win",
word_quang,quang,"light, bright",
word_móc,móc,hook / to dig out,
word_giãn,giãn,to loosen / stretch,
word_dường,dường,(in dường như = it seems),
word_rắn,rắn,"snake / hard, solid",
word_jimmy,jimmy,Jimmy (name),
word_bào,bào,"to shave, scrape",
word_quảng,quảng,"broad, wide (as in advertise)",
word_ví,ví,wallet / to compare,
word_bão,bão,storm,
word_song,song,"however / pair, twin",
word_ức,ức,chest (animal) / to recall (as in ký ức),
word_quyển,quyển,(book classifier),
word_ghé,ghé,to stop by,
word_bob,bob,Bob (name),
word_sơn,sơn,paint / mountain (in names),
word_vờ,vờ,to pretend,
word_liền,liền,right away / connected,
word_huyết,huyết,blood (formal),
word_mượn,mượn,to borrow,
word_đớn,đớn,(in đau đớn = painful),
word_barry,barry,Barry (name),
word_tách,tách,to separate / cup (as in tách trà),
word_bệ,bệ,"pedestal, platform",
word_chóng,chóng,quickly (as in chóng mặt = dizzy),
word_kín,kín,"tightly sealed, secret",
word_tr,tr,(fragment),
word_niên,niên,"year (formal, as in thanh niên)",
word_chở,chở,to carry (transport),
word_hét,hét,to scream,
word_ngữ,ngữ,language (as in ngôn ngữ),
word_danny,danny,Danny (name),
word_lông,lông,"fur, feather",
word_hạng,hạng,"class, category",
word_lồ,lồ,(in khổng lồ = giant),
word_cớm,cớm,cop (slang),
word_pháo,pháo,"firecracker, cannon",
word_khát,khát,thirsty,
word_ga,ga,station,
word_suýt,suýt,"almost, nearly",
word_ung,ung,(in ung thư = cancer),
word_nguyền,nguyền,to curse (as in nguyền rủa),
word_paris,paris,Paris,
word_phỏng,phỏng,interview / burn (injury),
word_max,max,Max (name) / maximum,
word_nhục,nhục,"shame, humiliation",
word_tuyến,tuyến,"line, route",
word_tốn,tốn,"to cost, consume",
word_cam,cam,orange / to endure (cam chịu),
word_mộng,mộng,dream (formal),
word_hòn,hòn,"(rocky/round-object classifier, e.g. hòn đảo)",
word_hè,hè,summer / sidewalk,
word_mũ,mũ,hat,
word_ray,ray,rail / Ray (name),
word_hận,hận,"to resent, hatred",
word_kĩ,kĩ,careful (variant of kỹ),
word_paul,paul,Paul (name),
word_bồ,bồ,boyfriend/girlfriend (informal),
word_gắn,gắn,to attach,
word_hà,hà,river (in place names),
word_cút,cút,to get lost (rude command),
word_p,p,(fragment),
word_sàn,sàn,floor,
word_cứt,cứt,feces (vulgar),
word_vãi,vãi,(vulgar intensifier),
word_for,for,(English),
word_tạ,tạ,to thank (formal) / quintal (unit),
word_sói,sói,wolf,
word_chìm,chìm,to sink,
word_gián,gián,cockroach / (in gián điệp = spy),
word_tủ,tủ,cabinet / closet,
word_hèn,hèn,cowardly,
word_táo,táo,apple,
word_trì,trì,to maintain (as in duy trì),
word_trá,trá,deceit,
word_quê,quê,"hometown, countryside",
word_nền,nền,"foundation, background",
word_kiên,kiên,"patient, persistent",
word_kẹo,kẹo,candy,
word_be,be,(English),
word_sarah,sarah,Sarah (name),
word_lưỡi,lưỡi,tongue,
word_bày,bày,"to display, arrange",
word_buông,buông,to let go,
word_trượt,trượt,to slip,
word_gãy,gãy,broken (bone),
word_bông,bông,flower / cotton,
word_kem,kem,"ice cream, cream",
word_bá,bá,domineering (as in bá đạo) / count/earl,
word_bill,bill,Bill (name),
word_vân,vân,"cloud (poetic, as in vân vân = etc.)",
word_thải,thải,"to discharge, waste",
word_nghiện,nghiện,addicted,
word_liệt,liệt,paralyzed (as in tê liệt),
word_vội,vội,to rush / hurry,
word_sữa,sữa,milk,
word_óc,óc,brain,
word_hương,hương,fragrance / hometown (quê hương),
word_cỏ,cỏ,grass,
word_lô,lô,lot / batch,
word_khuôn,khuôn,"mold, frame",
word_hiến,hiến,to donate (as in hiến máu),
word_mò,mò,"to grope, fumble around",
word_cương,cương,(in cương quyết = resolute),
word_tri,tri,"to know (formal, as in tri thức)",
word_miền,miền,region,
word_monica,monica,Monica (name),
word_phe,phe,"faction, side",
word_this,this,(English),
word_mark,mark,Mark (name),
word_khôn,khôn,"clever, wise",
word_kháng,kháng,to resist (as in kháng cự),
word_xứ,xứ,"region, land",
word_ngầm,ngầm,"underground, covert",
word_trừng,trừng,to punish (as in trừng phạt),
word_nướng,nướng,to grill,
word_vây,vây,to surround,
word_muội,muội,younger sister (formal),
word_khối,khối,"block, mass",
word_cát,cát,sand,
word_trôi,trôi,to drift / flow,
word_bóp,bóp,to squeeze / wallet (informal),
word_manh,manh,(in manh mối = clue),
word_tiệm,tiệm,"shop, store",
word_mì,mì,noodles,
word_gói,gói,to wrap / package,
word_mồi,mồi,bait,
word_điệu,điệu,"tune, gesture",
word_god,god,God,
word_nick,nick,Nick (name),
word_mồ,mồ,grave (as in mồ mả),
word_khùng,khùng,crazy (informal),
word_thổ,thổ,"soil, earth (formal)",
word_tháo,tháo,"to remove, dismantle",
word_gốc,gốc,"root, origin",
word_bụi,bụi,dust,
word_dâu,dâu,strawberry / daughter-in-law,
word_tv,tv,TV,
word_giai,giai,handsome man (informal),
word_tuân,tuân,to comply (as in tuân theo),
word_lầu,lầu,"building, floor",
word_đảng,đảng,political party,
word_mập,mập,fat (southern),
word_bar,bar,bar,
word_xoay,xoay,"to turn, rotate",
word_sara,sara,Sara (name),
word_mạn,mạn,side (of a ship) / romantic (lãng mạn),
word_đuôi,đuôi,tail,
word_re,re,(fragment),
word_ân,ân,"grace, kindness",
word_tỷ,tỷ,billion / older sister (formal),
word_sốt,sốt,sauce / fever,
word_go,go,(English),
word_nhốt,nhốt,"to lock up, confine",
word_đần,đần,"dumb, slow-witted",
word_tám,tám,eight,
word_bỏng,bỏng,burn / popcorn (bỏng ngô),
word_bồi,bồi,waiter (old term) / to compensate,
word_dở,dở,bad / unfinished,
word_know,know,(English),
word_âu,âu,(in Châu Âu = Europe),
word_emily,emily,Emily (name),
word_chọc,chọc,"to poke, tease",
word_pha,pha,"to mix (a drink) / phase, stage",
word_k,k,(fragment),
word_mến,mến,to be fond of,
word_gởi,gởi,to send (southern spelling),
word_hôi,hôi,smelly,
word_thỉnh,thỉnh,to invite formally / occasionally,
word_mỏi,mỏi,"tired, sore",
word_tháp,tháp,tower,
word_khô,khô,dry,
word_nhát,nhát,"timid / a slice, cut",
word_nhảm,nhảm,nonsense (as in nhảm nhí),
word_chandler,chandler,Chandler (name),
word_tươi,tươi,fresh,
word_kỉ,kỉ,"era, record (variant)",
word_ngắm,ngắm,"to admire, aim at",
word_henry,henry,Henry (name),
word_hô,hô,to shout (a command),
word_chín,chín,"nine / ripe, cooked",
word_ngôn,ngôn,"speech, language",
word_lee,lee,Lee (name),
word_tommy,tommy,Tommy (name),
word_nút,nút,"button, knot",
word_li,li,"glass, apart (variant of ly)",
word_by,by,(English),
word_tỉ,tỉ,billion (variant),
word_mạc,mạc,"(in màn mạc, sân khấu compound)",
word_tang,tang,mourning (as in đám tang),
word_thoảng,thoảng,(in thỉnh thoảng = occasionally),
word_tởm,tởm,disgusting,
word_hỗn,hỗn,"rude, mixed up (as in hỗn láo)",
word_đít,đít,buttocks (informal),
word_đuối,đuối,drowning / exhausted,
word_bốc,bốc,to grab a handful / to rise (smoke),
word_rũ,rũ,to shake off (as in rũ bỏ),
word_tiêm,tiêm,to inject,
word_đền,đền,temple / to compensate,
word_xích,xích,chain / to move closer,
word_cạn,cạn,"shallow, dry (as in cạn kiệt)",
word_vứt,vứt,to throw away,
word_ngũ,ngũ,five (formal),
word_xạ,xạ,to shoot (as in xạ thủ),
word_giỡn,giỡn,to joke around (southern),
word_phái,phái,"faction, sect",
word_đạp,đạp,"to pedal, kick",
word_dò,dò,"to search, probe",
word_triều,triều,tide / dynasty,
word_truyện,truyện,story,
word_cược,cược,to bet (as in đặt cược),
word_billy,billy,Billy (name),
word_nương,nương,"to lean on, rely",
word_anna,anna,Anna (name),
word_vĩnh,vĩnh,eternal (as in vĩnh viễn),
word_đĩa,đĩa,"plate, disc",
word_chăng,chăng,perhaps (question particle),
word_lâm,lâm,forest / to fall into (a situation),
word_ruột,ruột,"intestines, core",
word_giơ,giơ,to raise (a hand),
word_kém,kém,weak / inferior,
word_jane,jane,Jane (name),
word_vầy,vầy,like this (informal),
word_hít,hít,to inhale,
word_tròn,tròn,round,
word_trói,trói,to tie up,
word_giật,giật,"to snatch, jerk",
word_heo,heo,pig (southern),
word_he,he,(English),
word_carl,carl,Carl (name),
word_van,van,to plead / van (vehicle),
word_dave,dave,Dave (name),
word_xóm,xóm,neighborhood / hamlet,
word_hoan,hoan,joy (as in hoan nghênh),
word_gợi,gợi,to evoke (as in gợi ý = suggest),
word_tịch,tịch,(in tịch thu = confiscate),
word_tụ,tụ,to gather (as in tụ tập),
word_thiêu,thiêu,to burn (as in thiêu đốt),
word_right,right,(English),
word_hiếp,hiếp,to rape / oppress,
word_nụ,nụ,bud (flower),
word_lò,lò,oven / furnace,
word_thối,thối,to give change / rotten,
word_chủng,chủng,"species, race",
word_vườn,vườn,garden,
word_cột,cột,pillar / to tie,
word_ốm,ốm,"sick, thin",
word_thụ,thụ,to receive (as in thụ hưởng),
word_váy,váy,"skirt, dress",
word_dáng,dáng,"figure, shape (of body)",
word_mét,mét,meter,
word_ủy,ủy,(in ủy ban = committee),
word_má,má,mom (southern) / cheek,
word_mãn,mãn,satisfied (as in mãn nguyện),
word_chuông,chuông,bell,
word_vỏ,vỏ,"shell, cover",
word_thiếp,thiếp,concubine / to nod off,
word_đàng,đàng,"way, direction (informal)",
word_đồi,đồi,hill,
word_nạ,nạ,(in mặt nạ = mask),
word_bự,bự,big (informal),
word_huống,huống,(in huống chi = let alone),
word_hàn,hàn,cold (formal) / Korea / to weld,
word_cai,cai,to quit (an addiction) / overseer,
word_ưu,ưu,priority / excellent,
word_bối,bối,(in bối rối = confused),
word_eddie,eddie,Eddie (name),
word_mềm,mềm,soft,
word_hang,hang,cave,
word_gỡ,gỡ,"to untangle, remove",
word_san,san,"to level, share",
word_lặn,lặn,to dive,
word_with,with,(English),
word_cu,cu,penis (informal),
word_richard,richard,Richard (name),
word_tùng,tùng,pine tree (in names),
word_giáp,giáp,armor / adjacent,
word_quyến,quyến,(in quyến rũ = seductive),
word_ngọc,ngọc,"jade, gem",
word_london,london,London,
word_mỏ,mỏ,beak / mine (mineral),
word_ghen,ghen,jealous (romantically),
word_gỗ,gỗ,wood,
word_đẻ,đẻ,to give birth,
word_quỳ,quỳ,to kneel,
word_hiếm,hiếm,rare,
word_jake,jake,Jake (name),
word_tia,tia,"ray, beam",
word_cuồng,cuồng,crazy about (as in cuồng nhiệt),
word_cỗ,cỗ,feast / (machine classifier),
word_tân,tân,new (formal),
word_quỹ,quỹ,fund,
word_viễn,viễn,"far, distant (as in viễn thông)",
word_mr.,mr.,Mr.,
word_dã,dã,wild (as in dã man),
word_tàng,tàng,"to hide, conceal (as in tàng hình)",
word_diệu,diệu,wonderful (as in kỳ diệu),
word_tràn,tràn,to overflow,
word_vốn,vốn,capital (money) / originally,
word_matt,matt,Matt (name),
word_nhịp,nhịp,"rhythm, beat",
word_phổi,phổi,lungs,
word_điển,điển,(in từ điển = dictionary),
word_mexico,mexico,Mexico,
word_khoác,khoác,"to drape, wear over shoulders",
word_quét,quét,to sweep,
word_than,than,coal / to complain,
word_rẽ,rẽ,to turn,
word_béo,béo,fat,
word_thao,thao,(in thể thao = sports),
word_thiệp,thiệp,greeting card / to intervene,
word_bực,bực,annoyed,
word_ll,ll,(fragment),
word_tony,tony,Tony (name),
word_khoẻ,khoẻ,healthy,
word_cúi,cúi,"to bow, bend down",
word_trục,trục,axis,
word_bổ,bổ,nutritious / to split,
word_tô,tô,bowl / to paint,
word_yes,yes,yes,
word_trinh,trinh,"virgin, chaste",
word_ngớ,ngớ,(in ngớ ngẩn = silly),
word_trùm,trùm,"boss, godfather (crime) / to cover",
word_camera,camera,camera,
word_thỏ,thỏ,rabbit,
word_huyền,huyền,mysterious (as in huyền bí),
word_gối,gối,pillow / knee (đầu gối),
word_vững,vững,stable / firm,
word_kiệt,kiệt,exhausted / talented (as in hào kiệt),
word_ngẩn,ngẩn,(in ngẩn ngơ = dazed),
word_lợn,lợn,pig,
word_khích,khích,to provoke (as in kích khích),
word_ch00ffff,ch00ffff,(subtitle formatting artifact),
word_thắc,thắc,(in thắc mắc = wonder/question),
word_nộp,nộp,to submit / pay,
word_robert,robert,Robert (name),
word_sợi,sợi,"strand, thread",
word_chấn,chấn,to shock (as in chấn động),
word_william,william,William (name),
word_come,come,(English),
word_dưỡng,dưỡng,to nourish (as in dưỡng bệnh),
word_bạch,bạch,white (formal),
word_chiêu,chiêu,"trick, move / to recruit",
word_bớt,bớt,to reduce,
word_đinh,đinh,nail (hardware),
word_cắm,cắm,to plant / plug in,
word_daniel,daniel,Daniel (name),
word_báu,báu,precious (as in quý báu),
word_up,up,to upload,
word_ngửi,ngửi,to smell (verb),
word_nghìn,nghìn,thousand,
word_dùm,dùm,"to help (informal, southern)",
word_đòn,đòn,"a blow, stick",
word_góp,góp,to contribute,
word_bê,bê,calf (young cow) / to carry (bê vác),
word_xăng,xăng,gasoline,
word_phoebe,phoebe,Phoebe (name),
word_cơm,cơm,rice / meal,
word_taxi,taxi,taxi,
word_rẻ,rẻ,cheap,
word_martin,martin,Martin (name),
word_loạt,loạt,"series, batch",
word_co,co,to shrink,
word_adam,adam,Adam (name),
word_khói,khói,smoke,
word_gồm,gồm,to include,
word_gục,gục,"to collapse, slump",
word_ti,ti,"(fragment, informal)",
word_steve,steve,Steve (name),
word_lót,lót,"to line, pad",
word_sướng,sướng,pleasurable,
word_gánh,gánh,"to carry (shoulder pole), burden",
word_ve,ve,cicada / (in ve chai = scrap collector),
word_đắn,đắn,(in đắn đo = hesitate),
word_ong,ong,bee,
word_kevin,kevin,Kevin (name),
word_nghèo,nghèo,poor,
word_rốt,rốt,(in rốt cuộc = in the end),
word_nhi,nhi,"child (formal, as in nhi đồng)",
word_ướt,ướt,wet,
word_hoài,hoài,constantly / forever (colloquial),
word_chui,chui,to crawl through,
word_cảng,cảng,port (as in hải cảng),
word_gạt,gạt,"to deceive, wipe away",
word_suất,suất,"portion, quota",
word_ồn,ồn,noisy,
word_johnny,johnny,Johnny (name),
word_mmm,mmm,mmm,
word_xé,xé,to tear,
word_việt,việt,Viet (as in Việt Nam),
word_dean,dean,Dean (name),
word_vả,vả,to slap,
word_virus,virus,virus,
word_lau,lau,to wipe,
word_bến,bến,station / pier,
word_râu,râu,"beard, mustache",
word_like,like,(English),
word_ưa,ưa,"to prefer, like",
word_thà,thà,rather (as in thà rằng),
word_ngưỡng,ngưỡng,threshold / to admire,
word_scott,scott,Scott (name),
word_xì,xì,"to hiss, leak (air)",
word_thô,thô,"rough, crude",
word_shh,shh,shh,
word_bậc,bậc,"level, rank",
word_cuộn,cuộn,"to roll, coil",
word_xuân,xuân,spring (season),
word_stark,stark,Stark (name),
word_but,but,(English),
word_lặp,lặp,to repeat,
word_ngưng,ngưng,to stop,
word_biện,biện,"to argue, defend (as in biện hộ)",
word_charles,charles,Charles (name),
word_tò,tò,(in tò mò = curious),
word_just,just,(English),
word_one,one,(English),
word_khoảnh,khoảnh,(in khoảnh khắc = moment),
word_tuyển,tuyển,"to select, recruit",
word_khớp,khớp,joint (body) / to match,
word_chris,chris,Chris (name),
word_robot,robot,robot,
word_bề,bề,"side, surface",
word_are,are,(English),
word_sụp,sụp,to collapse,
word_trú,trú,to take shelter (as in trú ẩn),
word_phấn,phấn,"powder, chalk / excited (phấn khích)",
word_dày,dày,thick,
word_đê,đê,dike / low (compound),
word_trương,trương,to swell,
word_lén,lén,secretly,
word_nắng,nắng,sunny,
word_trật,trật,"wrong, off-track (as in trật tự = order)",
word_arthur,arthur,Arthur (name),
word_giang,giang,"river (formal, place names)",
word_chốt,chốt,"to finalize, checkpoint",
word_vở,vở,notebook / play (theater),
word_sung,sung,abundant (as in sung túc) / fig,
word_nhí,nhí,"little, small (cute)",
word_khoang,khoang,compartment,
word_cậy,cậy,to rely on (as in cậy nhờ),
word_bọc,bọc,to wrap,
word_buýt,buýt,bus (as in xe buýt),
word_đàm,đàm,to converse (as in đàm phán),
word_nathan,nathan,Nathan (name),
word_got,got,(English),
word_ái,ái,"love (formal, as in ái tình)",
word_alô,alô,hello (on phone),
word_nhàng,nhàng,(in nhẹ nhàng = gentle),
word_3chff1000,3chff1000,(subtitle formatting artifact),
word_trúc,trúc,bamboo,
word_bắp,bắp,corn / calf (leg),
word_nôn,nôn,to vomit,
word_mọc,mọc,"to grow, sprout",
word_thắt,thắt,"to tighten, tie",
word_cự,cự,"to argue, resist",
word_sốc,sốc,shocked,
word_aah,aah,aah,
word_video,video,video,
word_tam,tam,three (formal),
word_chợ,chợ,market,
word_bó,bó,bundle,
word_nhặt,nhặt,to pick up,
word_love,love,love,
word_brian,brian,Brian (name),
word_ván,ván,"board, plank / a game round",
word_hannah,hannah,Hannah (name),
word_hâm,hâm,to reheat / silly (slang),
word_baby,baby,baby,
word_alice,alice,Alice (name),
word_lược,lược,comb / summary (as in lược sử),
word_thuế,thuế,tax,
word_morgan,morgan,Morgan (name),
word_thomas,thomas,Thomas (name),
word_quận,quận,district,
word_ngào,ngào,(in ngọt ngào = sweet),
word_ngoái,ngoái,(in ngoái lại = to look back),
word_rào,rào,fence,
word_not,not,(English),
word_bồn,bồn,"basin, tub",
word_x,x,(fragment),
word_dan,dan,Dan (name),
word_va,va,to bump / collide,
word_phối,phối,"to combine, mate (as in phối hợp)",
word_ngành,ngành,field / industry,
word_rome,rome,Rome,
word_bọ,bọ,"bug, insect",
word_mổ,mổ,"to operate (surgery), butcher",
word_cia,cia,CIA,
word_get,get,(English),
word_phật,phật,Buddha,
word_ooh,ooh,ooh,
word_thỉu,thỉu,(in bẩn thỉu = dirty),
word_lưới,lưới,net,
word_dư,dư,surplus / extra,
word_khoá,khoá,lock / key,
word_chép,chép,"to copy, write down",
word_washington,washington,Washington,
word_red,red,red,
word_nhét,nhét,"to stuff, insert",
word_hệt,hệt,exactly alike (as in giống hệt),
word_thác,thác,waterfall,
word_đáo,đáo,(in đáo hạn = due date),
word_chu,chu,(in chu đáo = thoughtful),
word_kate,kate,Kate (name),
word_giặt,giặt,to wash (clothes),
word_hoạn,hoạn,"misfortune (formal, rare)",
word_mươi,mươi,about ten (counting unit),
word_cụt,cụt,cut short / amputated,
word_out,out,(English),
word_ngắt,ngắt,"to cut off, interrupt",
word_dắt,dắt,to lead by hand,
word_vong,vong,"to lose, forget (as in vong ơn)",
word_hước,hước,(in hài hước = funny),
word_thạch,thạch,"stone (formal, as in hóa thạch)",
word_de,de,(fragment),
word_tầu,tầu,ship (variant of tàu),
word_rủa,rủa,to curse,
word_trữ,trữ,to store (as in dự trữ),
word_đứt,đứt,"to snap, break (like a string)",
word_jesus,jesus,Jesus,
word_kỵ,kỵ,"to avoid, taboo",
word_gậy,gậy,"stick, cane",
word_mớ,mớ,"a bunch, mess",
word_kênh,kênh,channel,
word_bút,bút,pen,
word_nhấn,nhấn,to press,
word_have,have,(English),
word_ghép,ghép,"to combine, splice",
word_vang,vang,to resound / red wine (rượu vang),
word_walter,walter,Walter (name),
word_móng,móng,"nail (finger), hoof",
word_thuần,thuần,pure (as in thuần khiết),
word_tỏa,tỏa,"to spread, radiate",
word_khúc,khúc,"section, piece (of music)",
word_đạc,đạc,(in đo đạc = measure),
word_xông,xông,"to rush in, fumigate",
word_chén,chén,small bowl,
word_bể,bể,to break / pool (bể bơi),
word_cài,cài,"to insert, install",
word_hiền,hiền,gentle,
word_nhá,nhá,"okay? (particle, southern)",
word_pete,pete,Pete (name),
word_xô,xô,to push / bucket,
word_cưỡng,cưỡng,to force (as in cưỡng ép),
word_cống,cống,sewer / tribute,
word_rộn,rộn,bustling (as in rộn ràng),
word_cựu,cựu,former (as in cựu chiến binh),
word_voi,voi,elephant,
word_chăn,chăn,blanket,
word_đo,đo,to measure,
word_nạp,nạp,"to charge, load",
word_yo,yo,yo,
word_bobby,bobby,Bobby (name),
word_city,city,city,
word_xài,xài,"to use, spend (southern)",
word_nhạy,nhạy,sensitive,
word_xí,xí,"(informal, as in xí phần = claim a share)",
word_dàn,dàn,"array, cast (of a show)",
word_sờ,sờ,"to touch, feel",
word_chóc,chóc,"(in chim chóc = birds, collective)",
word_rick,rick,Rick (name),
word_nỗ,nỗ,(in nỗ lực = effort),
word_cường,cường,strong (as in cường độ),
word_cạo,cạo,"to shave, scrape",
word_andy,andy,Andy (name),
word_vắng,vắng,"absent, deserted",
word_tảng,tảng,a large chunk (as in tảng đá),
word_doug,doug,Doug (name),
word_rỗng,rỗng,"hollow, empty",
word_hưu,hưu,(in nghỉ hưu = retire),
word_kê,kê,to prescribe / chicken (formal),
word_francis,francis,Francis (name),
word_wilson,wilson,Wilson (name),
word_cấu,cấu,(in cấu trúc = structure),
word_dãy,dãy,"row, range",
word_finch,finch,Finch (name),
word_there,there,(English),
word_hank,hank,Hank (name),
word_ngập,ngập,flooded,
word_ow,ow,ow,
word_đắt,đắt,expensive,
word_lật,lật,to flip over,
word_độn,độn,"to pad, stuff",
word_dại,dại,"foolish, wild (rabid)",
word_hắc,hắc,"black (formal, as in hắc ám)",
word_khen,khen,to praise,
word_marty,marty,Marty (name),
word_côn,côn,(in côn trùng = insect),
word_ted,ted,Ted (name),
word_mờ,mờ,blurry,
word_hiển,hiển,(in hiển nhiên = obvious),
word_đệch,đệch,(vulgar expletive),
word_đô-la,đô-la,dollar,
word_tráng,tráng,"to coat / strong, robust",
word_pin,pin,battery,
word_xế,xế,vehicle (slang) / afternoon (informal),
word_now,now,(English),
word_gọn,gọn,tidy / compact,
word_nốt,nốt,mole (skin) / musical note,
word_quấy,quấy,"to disturb, stir",
word_hoá,hoá,to become / chemical (as in culture),
word_queen,queen,queen,
word_hello,hello,hello,
word_khoai,khoai,potato / yam,
word_ryan,ryan,Ryan (name),
word_maria,maria,Maria (name),
word_gõ,gõ,"to knock, type",
word_was,was,(English),
word_amy,amy,Amy (name),
word_bruce,bruce,Bruce (name),
word_nho,nho,grape,
word_đoạt,đoạt,to seize (as in đoạt giải),
word_chém,chém,"to slash, chop",
word_đãi,đãi,to treat (someone to something),
word_dược,dược,"medicine (formal, as in dược phẩm)",
word_if,if,(English),
word_khoái,khoái,"pleased, delighted",
word_radio,radio,radio,
word_đếch,đếch,(vulgar negation),
word_nọ,nọ,"that (one), aforementioned",
word_khấu,khấu,(in khấu trừ = deduct),
word_texas,texas,Texas,
word_rảnh,rảnh,free (time),
word_lăn,lăn,to roll,
word_lỏng,lỏng,"loose, liquid",
word_hoãn,hoãn,to postpone,
word_cừu,cừu,sheep,
word_xíu,xíu,a tiny bit,
word_mây,mây,cloud,
word_mm,mm,mm,
word_bầy,bầy,"flock, herd",
word_blur12,blur12,(subtitle formatting artifact),
word_toà,toà,"court, building (variant)",
word_té,té,to fall (southern),
word_chuộc,chuộc,to redeem,
word_fscx70,fscx70,(subtitle formatting artifact),
word_fscy120,fscy120,(subtitle formatting artifact),
word_viêm,viêm,inflammation (as in viêm phổi),
word_lồng,lồng,cage / to insert,
word_dỗ,dỗ,"to soothe, coax",
word_fscx110,fscx110,(subtitle formatting artifact),
word_katie,katie,Katie (name),
word_cò,cò,stork / trigger (gun),
word_nuốt,nuốt,to swallow,
word_jones,jones,Jones (name),
word_they,they,(English),
word_lê,lê,pear / to drag (as in lê bước),
word_ơ,ơ,huh? (surprise particle),
word_run,run,to shiver,
word_tể,tể,"(archaic, as in tể tướng = prime minister)",
word_ngộ,ngộ,to realize (Buddhist term) / cute (southern slang),
word_good,good,good,
word_victor,victor,Victor (name),
word_nhu,nhu,"soft, gentle",
word_bù,bù,to compensate (as in bù đắp),
word_su,su,(in su su = chayote),
word_dọc,dọc,along / vertical,
word_gordon,gordon,Gordon (name),
word_bẻ,bẻ,to break off (by hand),
word_roy,roy,Roy (name),
word_vạn,vạn,ten thousand,
word_lạp,lạp,(in lạp xưởng = Chinese sausage),
word_simon,simon,Simon (name),
word_mực,mực,ink / squid,
word_xà,xà,snake (formal) / (in xà phòng = soap),
word_here,here,(English),
word_đai,đai,belt (as in đai đen),
word_ranh,ranh,boundary / mischievous (informal),
word_trưng,trưng,to display (as in trưng bày),
word_hằng,hằng,"constant, everyday",
word_lincoln,lincoln,Lincoln,
word_hố,hố,"pit, hole",
word_sherlock,sherlock,Sherlock,
word_đà,đà,(in place names),
word_rung,rung,"to shake, vibrate",
word_annie,annie,Annie (name),
word_eric,eric,Eric (name),
word_thói,thói,habit (as in thói quen),
word_họng,họng,throat,
word_wayne,wayne,Wayne (name),
word_rưỡi,rưỡi,and a half,
word_hạm,hạm,(in hạm đội = fleet),
word_xưởng,xưởng,workshop / factory,
word_nhấc,nhấc,to lift,
word_tẩy,tẩy,"to erase, remove (stains)",
word_vặt,vặt,"trivial, small / to pluck",
word_edward,edward,Edward (name),
word_lăng,lăng,"tomb, mausoleum",
word_mại,mại,(in thương mại = commerce),
word_carter,carter,Carter (name),
word_trích,trích,"to extract, cite",
word_jesse,jesse,Jesse (name),
word_châm,châm,"to sting, needle (as in châm cứu)",
word_king,king,king,
word_cưỡi,cưỡi,to ride (an animal),
word_sean,sean,Sean (name),
word_vịt,vịt,duck,
word_trộn,trộn,to mix,
word_giùm,giùm,"to help (informal, southern)",
word_dịp,dịp,occasion,
word_tát,tát,to slap,
word_tiềm,tiềm,(in tiềm năng = potential),
word_ối,ối,oh! (surprise/pain),
word_trân,trân,(in trân trọng = respectfully),
word_time,time,(English),
word_đỗ,đỗ,to pass (exam) / to park,
word_giảng,giảng,"to lecture, preach",
word_let,let,(English),
word_al,al,Al (name),
word_rớt,rớt,"to fail, fall (southern)",
word_uhm,uhm,uhm,
word_nhện,nhện,spider,
word_muôn,muôn,ten thousand / countless (archaic),
word_j,j,(fragment),
word_xăm,xăm,tattoo,
word_lắc,lắc,to shake,
word_tông,tông,to collide with / tone (music),
word_phun,phun,to spray,
word_hitler,hitler,Hitler,
word_jason,jason,Jason (name),
word_walt,walt,Walt (name),
word_non,non,"young, unripe",
word_gài,gài,"to hook, trap",
word_muối,muối,salt,
word_lẻ,lẻ,odd (number) / retail,
word_lắp,lắp,"to install, assemble",
word_tiễn,tiễn,to see off,
word_cúp,cúp,trophy / to hang up (phone),
word_huỷ,huỷ,to cancel,
word_kiệm,kiệm,frugal (as in tiết kiệm),
word_bột,bột,"powder, flour",
word_chiên,chiên,to fry,
word_nón,nón,conical hat,
word_chằm,chằm,(in chằm chằm = staring intently),
word_amen,amen,amen,
word_gay,gay,gay,
word_tăm,tăm,toothpick,
word_súc,súc,(in gia súc = livestock),
word_emma,emma,Emma (name),
word_thâm,thâm,"deep, dark (bruise) / scheming",
word_phú,phú,wealthy (as in phú quý),
word_hở,hở,"open, exposed / huh? (particle)",
word_marcus,marcus,Marcus (name),
word_vất,vất,to throw away / hard-working (vất vả),
word_đẳng,đẳng,"level, rank",
word_bã,bã,"residue, dregs",
word_thơm,thơm,fragrant / pineapple (southern),
word_sẹo,sẹo,scar,
word_amanda,amanda,Amanda (name),
word_tật,tật,"disability, bad habit",
word_tần,tần,frequency (as in tần số),
word_chuy,chuy,(fragment),
word_lột,lột,"to strip, peel",
word_xá,xá,"(archaic, as in xin xá tội)",
word_lều,lều,tent,
word_thầm,thầm,"quietly, secretly",
word_đậy,đậy,to cover (with a lid),
word_tào,tào,"(in Tào Tháo, name; archaic)",
word_tản,tản,to disperse (as in tản ra),
word_fiona,fiona,Fiona (name),
word_hãng,hãng,company / brand,
word_ed,ed,Ed (name),
word_bye,bye,bye,
word_tê,tê,numb,
word_nhã,nhã,elegant (as in tao nhã),
word_rưởi,rưởi,half (variant of rưỡi),
word_mu,mu,(in mu bàn tay = back of hand),
word_điếu,điếu,cigarette (classifier),
word_ragnar,ragnar,Ragnar (name),
word_rủi,rủi,unlucky (as in rủi ro),
word_pizza,pizza,pizza,
word_kiêu,kiêu,arrogant (as in kiêu ngạo),
word_jackson,jackson,Jackson (name),
word_xộn,xộn,(in lộn xộn = messy),
word_luân,luân,(in luân phiên = alternate),
word_harold,harold,Harold (name),
word_gươm,gươm,sword,
word_rỉ,rỉ,to rust / to whisper,
word_chicago,chicago,Chicago,
word_dập,dập,"to extinguish, crush",
word_miller,miller,Miller (name),
word_đáy,đáy,bottom,
word_múa,múa,to dance (traditional),
word_dâng,dâng,"to offer, present respectfully",
word_luke,luke,Luke (name),
word_quí,quí,precious (variant of quý),
word_két,két,safe (valuables) / crate,
word_lọ,lọ,"jar, bottle",
word_vincent,vincent,Vincent (name),
word_los,los,"(fragment, as in Los Angeles)",
word_thoả,thoả,satisfied (as in thoả mãn),
word_gớm,gớm,"disgusting, terrible",
word_kèn,kèn,"trumpet, horn",
word_chase,chase,Chase (name),
word_sét,sét,lightning bolt,
word_rập,rập,(in khuôn rập = mold/template),
word_buồng,buồng,"room, chamber (as in buồng trứng)",
word_dịu,dịu,"gentle, soothing",
word_chuồn,chuồn,to flee (informal) / dragonfly,
word_đè,đè,to press down on,
word_lây,lây,to be contagious (as in lây lan),
word_ethan,ethan,Ethan (name),
word_ward,ward,Ward (name),
word_when,when,(English),
word_lucy,lucy,Lucy (name),
word_tị,tị,to be jealous (as in ganh tị),
word_lùn,lùn,short (height),
word_chuyền,chuyền,to pass (a ball),
word_chớp,chớp,"to flash, blink",
word_tyler,tyler,Tyler (name),
word_mm-hmm,mm-hmm,mm-hmm,
word_àh,àh,ah (particle),
word_hiro,hiro,Hiro (name),
word_khảo,khảo,"to examine, research",
word_bấm,bấm,to press (a button),
word_lily,lily,Lily (name),
word_banh,banh,ball (southern),
word_thiêng,thiêng,sacred,
word_down,down,to download,
word_dơ,dơ,dirty (southern),
word_thea,thea,Thea (name),
word_california,california,California,
word_louis,louis,Louis (name),
word_yểm,yểm,"to suppress, ward off",
word_whoo,whoo,whoo,
word_trèo,trèo,to climb,
word_ngậm,ngậm,to hold in mouth,
word_trồng,trồng,to plant,
word_chày,chày,pestle (cooking tool),
word_nhằm,nhằm,"to aim at, coincide with",
word_bùa,bùa,"amulet, charm",
word_hàm,hàm,jaw / implication (hàm ý),
word_underwood,underwood,Underwood (name),
word_chua,chua,sour,
word_lố,lố,(in lố bịch = ridiculous),
word_phổ,phổ,"(in phổ biến = common, widespread)",
word_còng,còng,handcuffs / hunched,
word_làn,làn,lane / wave (radio),
word_khỏa,khỏa,(in khỏa thân = naked),
word_rose,rose,rose,
word_tui,tui,"I/me (informal, southern)",
word_nhở,nhở,"(informal particle, similar to nhỉ)",
word_laurel,laurel,Laurel (name),
word_ngẫu,ngẫu,(in ngẫu nhiên = random),
word_dê,dê,goat,
word_đệt,đệt,(fragment),
word_clay,clay,Clay (name),
word_vay,vay,to borrow (money),
word_molly,molly,Molly (name),
word_yi,yi,(fragment),
word_thép,thép,steel,
word_cà-phê,cà-phê,coffee,
word_sánh,sánh,to compare (as in so sánh),
word_cốt,cốt,essence / core,
word_chuck,chuck,Chuck (name),
word_vịnh,vịnh,"bay, gulf",
word_suỵt,suỵt,shh (hushing sound),
word_trầm,trầm,"deep, low (voice) / calm",
word_lisa,lisa,Lisa (name),
word_chuỗi,chuỗi,"chain, series",
word_thuỷ,thuỷ,water (variant of thủy),
word_nếm,nếm,to taste,
word_thung,thung,(in thung lũng = valley),
word_sưu,sưu,(in sưu tầm = collect),
word_lucas,lucas,Lucas (name),
word_đính,đính,to attach (as in đính kèm),
word_vỗ,vỗ,"to clap, pat",
word_khinh,khinh,"to look down on, despise",
word_lũng,lũng,(in thung lũng = valley),
word_bịch,bịch,"bag, sack",
word_ủi,ủi,to iron (clothes),
word_chuồng,chuồng,"cage, coop (animal)",
word_lờ,lờ,to ignore,
word_ngư,ngư,"fish (formal, as in ngư dân)",
word_quãng,quãng,"a stretch, span",
word_phudeviet.org,phudeviet.org,(subtitle credit URL),
word_phiêu,phiêu,(in phiêu lưu = adventure),
word_phil,phil,Phil (name),
word_ngh,ngh,(fragment),
word_dán,dán,"to stick, paste",
word_uy,uy,"authority, prestige",
word_chĩa,chĩa,to point (a weapon) at,
word_walker,walker,Walker (name),
word_gary,gary,Gary (name),
word_vải,vải,fabric / lychee,
word_vạch,vạch,"to mark, draw a line",
word_sườn,sườn,ribs / side,
word_gideon,gideon,Gideon (name),
word_garcia,garcia,Garcia (name),
word_qu,qu,(fragment),
word_đấng,đấng,(honorific title),
word_rock,rock,rock (music/stone),
word_who,who,(English),
word_maggie,maggie,Maggie (name),
word_jerry,jerry,Jerry (name),
word_sảnh,sảnh,"hall, lobby",
word_căm,căm,resentful (as in căm ghét),
word_nã,nã,(in truy nã = wanted by police),
word_chinh,chinh,to conquer (as in chinh phục),
word_nhị,nhị,two (formal),
word_liễu,liễu,willow tree,
word_củ,củ,(root-vegetable classifier),
word_khử,khử,to eliminate (as in khử trùng),
word_white,white,white,
word_ham,ham,"to be keen on, greedy for",
word_quầy,quầy,"counter, stall",
word_búp,búp,bud (as in búp bê = doll),
word_lấp,lấp,to fill in (a hole),
word_jordan,jordan,Jordan (name),
word_khao,khao,"to treat (someone), thirst for",
word_lọc,lọc,to filter,
word_cớ,cớ,"reason, excuse",
word_spartacus,spartacus,Spartacus,
word_at,at,(English),
word_kẹp,kẹp,"to clip, clamp",
word_mia,mia,Mia (name),
word_láo,láo,"rude, insolent",
word_carrie,carrie,Carrie (name),
word_thiểu,thiểu,(in thiểu số = minority),
word_bơ,bơ,butter,
word_đợt,đợt,"wave, batch",
word_diệp,diệp,"leaf (formal, as in diệp lục)",
word_khán,khán,(in khán giả = audience),
word_rể,rể,son-in-law,
word_ngất,ngất,to faint,
word_vú,vú,breast (anatomical),
word_sọ,sọ,skull,
word_nhường,nhường,"to yield, give way",
word_nàn,nàn,(in nghèo nàn = poor/lacking),
word_angela,angela,Angela (name),
word_khẳng,khẳng,(in khẳng định = affirm),
word_khôi,khôi,(in khôi phục = restore),
word_ro,ro,(fragment),
word_nghịch,nghịch,mischievous,
word_lượn,lượn,"to glide, hover",
word_điền,điền,to fill in (a form),
word_see,see,(English),
word_tặc,tặc,"pirate, hacker",
word_dội,dội,"to echo, resound",
word_smith,smith,Smith (name),
word_hãm,hãm,"to brake, hold back",
word_đĩ,đĩ,prostitute (vulgar),
word_cẩu,cẩu,dog (formal/derogatory),
word_sắm,sắm,to shop for (as in mua sắm),
word_nhổ,nhổ,"to pull out, spit",
word_xả,xả,"to release, discharge",
word_bàng,bàng,(fragment),
word_lung,lung,(in lung lay = shaky),
word_nâu,nâu,brown,
word_tứ,tứ,four (formal),
word_vegas,vegas,Vegas,
word_lận,lận,hard luck / trick,
word_holmes,holmes,Holmes (name),
word_giọt,giọt,drop (of liquid),
word_cafe,cafe,cafe,
word_đố,đố,to challenge with a riddle,
word_pablo,pablo,Pablo (name),
word_hãnh,hãnh,(in hãnh diện = proud),
word_elizabeth,elizabeth,Elizabeth (name),
word_tè,tè,to pee (informal),
word_ian,ian,Ian (name),
word_xỉn,xỉn,drunk (informal),
word_xách,xách,to carry (by hand/handle),
word_đái,đái,to urinate (vulgar),
word_roger,roger,Roger (name),
word_kèm,kèm,to accompany / attach,
word_linda,linda,Linda (name),
word_toa,toa,train car,
word_rạp,rạp,"theater, cinema",
word_reid,reid,Reid (name),
word_bond,bond,Bond (name),
word_moi,moi,"to dig out, extract (info)",
word_karen,karen,Karen (name),
word_ngây,ngây,naive (as in ngây thơ),
word_quăng,quăng,"to throw, toss",
word_from,from,(English),
word_quậy,quậy,to cause trouble (informal),
word_chổ,chổ,place (informal spelling of chỗ),
word_bát,bát,bowl (northern),
word_vẹn,vẹn,(in vẹn toàn = intact/whole),
word_clark,clark,Clark (name),
word_jessica,jessica,Jessica (name),
word_chẩn,chẩn,(in chẩn đoán = diagnose),
word_hỡi,hỡi,"oh! (vocative, poetic)",
word_alo,alo,hello (on phone),
word_julie,julie,Julie (name),
word_flash,flash,flash,
word_hoà,hoà,"peace, to draw a game (variant)",
word_khiếu,khiếu,talent / aptitude,
word_savage,savage,savage,
word_reese,reese,Reese (name),
word_ốc,ốc,snail,
word_thước,thước,ruler (measuring tool),
word_charlotte,charlotte,Charlotte (name),
word_cameron,cameron,Cameron (name),
word_rỗi,rỗi,"free, idle",
word_ngô,ngô,corn (northern dialect),
word_vuốt,vuốt,"to stroke, smooth down",
word_rách,rách,torn,
word_êm,êm,"smooth, quiet",
word_tro,tro,ash,
word_park,park,park/Park (name),
word_ngụy,ngụy,"fake, puppet (as in ngụy quân)",
word_raymond,raymond,Raymond (name),
word_little,little,little,
word_khơi,khơi,"to stir up, dredge",
word_robin,robin,Robin (name),
word_him,him,(English),
word_bơm,bơm,to pump,
word_xui,xui,"unlucky, to incite",
word_cấy,cấy,to plant (rice seedlings),
word_xưng,xưng,to call oneself (as in xưng hô),
word_bậy,bậy,"wrong, improper (as in nói bậy)",
word_nhạt,nhạt,"bland, faded",
word_caesar,caesar,Caesar,
word_as,as,(English),
word_teddy,teddy,Teddy (name),
word_xoa,xoa,"to rub, massage",
word_thịnh,thịnh,prosperous (as in thịnh vượng),
word_nấm,nấm,mushroom,
word_angeles,angeles,Angeles (as in Los Angeles),
word_chèo,chèo,to row (a boat) / traditional opera,
word_khung,khung,frame,
word_nít,nít,"(in con nít = kid, informal)",
word_dr.,dr.,Dr.,
word_greg,greg,Greg (name),
word_đoan,đoan,(in đoan trang = demure),
word_victoria,victoria,Victoria (name),
word_màng,màng,membrane,
word_how,how,(English),
word_ang,ang,(fragment),
word_aaron,aaron,Aaron (name),
word_nhì,nhì,second (ordinal),
word_carol,carol,Carol (name),
word_lánh,lánh,to avoid (as in lánh nạn),
word_grant,grant,Grant (name),
word_duyên,duyên,"charm, fate/connection",
word_phiến,phiến,"slab, sheet (as in phiến đá)",
word_jay,jay,Jay (name),
word_rèn,rèn,"to forge, train (skills)",
word_matthew,matthew,Matthew (name),
word_rau,rau,vegetable,
word_côi,côi,(in mồ côi = orphaned),
word_sòng,sòng,(in sòng bạc = casino),
word_ǵ,ǵ,(subtitle formatting artifact),
word_harvey,harvey,Harvey (name),
word_fan,fan,fan (of something),
word_cõi,cõi,realm (as in cõi đời),
word_wells,wells,Wells (name),
word_marie,marie,Marie (name),
word_sập,sập,to collapse,
word_nấp,nấp,to hide (crouching),
word_ngai,ngai,throne,
word_tẩu,tẩu,pipe (smoking) / to flee (archaic),
word_khoe,khoe,to show off,
word_sáo,sáo,flute / cliché,
word_el,el,(fragment),
word_dặn,dặn,"to instruct, remind",
word_ruồi,ruồi,fly (insect),
word_buồm,buồm,sail (of a boat),
word_đam,đam,(in đam mê = passion),
word_a-lô,a-lô,hello (on phone),
word_khuẩn,khuẩn,bacteria (as in vi khuẩn),
word_take,take,(English),
word_felicity,felicity,Felicity (name),
word_choàng,choàng,to drape over,
word_mòn,mòn,worn out,
word_evan,evan,Evan (name),
word_han,han,"(fragment, name)",
word_khéo,khéo,skillful,
word_tọa,tọa,"to sit (formal, as in tọa lạc)",
word_andrew,andrew,Andrew (name),
word_phàn,phàn,(in phàn nàn = complain),
word_bùng,bùng,"to erupt, flare up",
word_thấu,thấu,to fully understand,
word_lẩn,lẩn,"to evade, hide (as in lẩn tránh)",
word_gen,gen,gene,
word_susan,susan,Susan (name),
word_quặc,quặc,(in kỳ quặc = weird),
word_soi,soi,"to shine a light on, scrutinize",
word_gotham,gotham,Gotham,
word_santa,santa,Santa,
word_bịa,bịa,"to make up, fabricate",
word_shaw,shaw,Shaw (name),
word_h-san,h-san,(fragment),
word_náo,náo,(in náo nhiệt = bustling),
word_gonna,gonna,(English),
word_email,email,email,
word_want,want,(English),
word_jacob,jacob,Jacob (name),
word_big,big,big,
word_chốn,chốn,place (poetic),
word_larry,larry,Larry (name),
word_lậu,lậu,"illegal, smuggled",
word_ngột,ngột,(in ngột ngạt = stifling),
word_đầm,đầm,swamp / dress,
word_mỏng,mỏng,thin,
word_khờ,khờ,"naive, foolish",
word_am,am,(in am hiểu = well-versed),
word_cặn,cặn,"residue, sediment",
word_dna,dna,DNA,
word_ráng,ráng,to try hard (southern) / afterglow (sky),
word_phô,phô,"to display, show off",
word_bùn,bùn,mud,
word_parker,parker,Parker (name),
word_sôi,sôi,to boil,
word_dồn,dồn,"to accumulate, push together",
word_dennis,dennis,Dennis (name),
word_coulson,coulson,Coulson (name),
word_miêu,miêu,(in miêu tả = describe),
word_trọn,trọn,"complete, whole",
word_cooper,cooper,Cooper (name),
word_alan,alan,Alan (name),
word_hử,hử,huh? (particle),
word_nở,nở,"to bloom, expand",
word_oxy,oxy,oxygen,
word_sex,sex,sex,
word_debbie,debbie,Debbie (name),
word_nét,nét,"feature, stroke (of a line)",
word_hẹp,hẹp,narrow,
word_ây,ây,(fragment),
word_canada,canada,Canada,
word_castle,castle,castle,
word_cole,cole,Cole (name),
word_lam,lam,blue (poetic),
word_howard,howard,Howard (name),
word_about,about,(English),
word_son,son,lipstick (informal) / son (English),
word_team,team,team,
word_tà,tà,"evil, wicked (as in tà ác)",
word_chffffff,chffffff,(subtitle formatting artifact),
word_way,way,(English),
word_cay,cay,spicy,
word_lơ,lơ,"to ignore, be inattentive",
word_vồ,vồ,to pounce,
word_brown,brown,brown/Brown (name),
word_brody,brody,Brody (name),
word_jean,jean,Jean (name),
word_patrick,patrick,Patrick (name),
word_búa,búa,hammer,
word_chục,chục,ten (counting unit),
word_túng,túng,(in túng thiếu = short of money),
word_berlin,berlin,Berlin,
word_black,black,black,
word_manny,manny,Manny (name),
word_mãnh,mãnh,fierce (as in mãnh liệt),
word_ào,ào,(in ào ạt = rushing/torrential),
word_toi,toi,doomed (slang),
word_đao,đao,broadsword (archaic weapon),
word_dời,dời,"to move, relocate",
word_lydia,lydia,Lydia (name),
word_hông,hông,hip / (southern for không),
word_sương,sương,"dew, mist",
word_chun,chun,elastic (as in dây chun),
word_cuddy,cuddy,Cuddy (name),
word_đ,đ,đồng (currency symbol),
word_mĩ,mĩ,beautiful / America (variant),
word_khâu,khâu,to sew / stage in a process,
word_ngạo,ngạo,arrogant (as in kiêu ngạo),
word_gạch,gạch,brick / to underline,
word_allen,allen,Allen (name),
word_mẻ,mẻ,a batch / chipped,
word_đươc,đươc,được (typo variant),
word_world,world,world,
word_day,day,(English),
word_boston,boston,Boston,
word_nhuận,nhuận,(in lợi nhuận = profit),
word_thủng,thủng,punctured,
word_s.h.i.e.l.d.,s.h.i.e.l.d.,S.H.I.E.L.D. (fictional org),
word_saul,saul,Saul (name),
word_lướt,lướt,"to glide, browse (lướt web)",
word_gai,gai,thorn,
word_vã,vã,hardworking (as in vất vả),
word_cáu,cáu,irritated,
word_xuôi,xuôi,"downstream, smooth",
word_trêu,trêu,to tease,
word_thê,thê,(in thê thảm = tragic),
word_night,night,(English),
word_ki,ki,(fragment),
word_chì,chì,lead (metal) / pencil (bút chì),
word_men,men,"yeast, ferment",
word_foreman,foreman,Foreman (name),
word_snow,snow,snow,
word_ừ,ừ,yeah,
word_mason,mason,Mason (name),
word_nghiền,nghiền,"to grind, crush / addicted to",
word_xám,xám,gray,
word_wyatt,wyatt,Wyatt (name),
word_khái,khái,(in khái niệm = concept),
word_beth,beth,Beth (name),
word_alpha,alpha,alpha,
word_lọt,lọt,"to fall into, pass through",
word_súp,súp,soup,
word_tím,tím,purple,
word_khuất,khuất,"hidden, out of sight",
word_ashley,ashley,Ashley (name),
word_lance,lance,Lance (name),
word_nhãn,nhãn,label / eye (formal),
word_catherine,catherine,Catherine (name),
word_nina,nina,Nina (name),
word_florida,florida,Florida,
word_đũa,đũa,chopsticks,
word_còi,còi,horn (vehicle),
word_chửi,chửi,"to curse at, scold",
word_đẽ,đẽ,(in xinh đẽ = pretty),
word_piano,piano,piano,
word_she,she,(English),
word_grayson,grayson,Grayson (name),
word_nguyệt,nguyệt,moon (formal),
word_bướm,bướm,butterfly,
word_nến,nến,candle,
word_nghiệt,nghiệt,(in nghiệt ngã = harsh fate),
word_joseph,joseph,Joseph (name),
word_cán,cán,handle (of a tool) / to run over,
word_feet,feet,feet (unit),
word_malcolm,malcolm,Malcolm (name),
word_gũi,gũi,(in gần gũi = close/intimate),
word_kiềm,kiềm,to restrain (as in kiềm chế),
word_dưa,dưa,"melon, cucumber",
word_davis,davis,Davis (name),
word_lẻn,lẻn,to sneak in,
word_palmer,palmer,Palmer (name),
word_soạn,soạn,"to compose, prepare",
word_noah,noah,Noah (name),
word_look,look,(English),
word_bôi,bôi,"to smear, apply (cream)",
word_đắm,đắm,"to sink, drown / immersed",
word_potter,potter,Potter (name),
word_buddy,buddy,buddy,
word_hiếu,hiếu,filial piety,
word_thank,thank,thank,
word_vần,vần,rhyme,
word_bưu,bưu,(in bưu điện = post office),
word_líu,líu,(in líu lo = chirping),
word_đan,đan,to knit,
word_huệ,huệ,lily (flower) / favor,
word_sừng,sừng,horn (animal),
word_ngầu,ngầu,"cool, badass (slang)",
word_mộc,mộc,"wood (formal, as in mộc mạc)",
word_vòi,vòi,"spout, trunk (of elephant)",
word_rực,rực,blazing (as in rực rỡ),
word_nảy,nảy,to bounce / to arise (an idea),
word_len,len,wool / to squeeze through,
word_thụy,thụy,"(in Thụy Điển = Sweden, formal)",
word_bóc,bóc,to peel,
word_st.,st.,Saint,
word_khống,khống,(in khống chế = control),
word_iris,iris,Iris (name),
word_nhích,nhích,to move slightly,
word_thét,thét,"to shout, roar",
word_nhai,nhai,to chew,
word_nồng,nồng,"strong-smelling, warm",
word_scofield,scofield,Scofield (name),
word_where,where,(English),
word_nhúc,nhúc,(in nhúc nhích = to budge),
word_ngợi,ngợi,(in ca ngợi = praise),
word_đực,đực,male (of animals),
word_scarlett,scarlett,Scarlett (name),
word_dốc,dốc,slope / to pour out fully,
word_kelly,kelly,Kelly (name),
word_na,na,(in Na Uy = Norway),
word_lawrence,lawrence,Lawrence (name),
word_make,make,(English),
word_a.,a.,(abbreviation fragment),
word_lề,lề,"margin, custom",
word_bỗng,bỗng,suddenly,
word_vu,vu,to accuse falsely (as in vu khống),
word_jenny,jenny,Jenny (name),
word_helen,helen,Helen (name),
word_bennet,bennet,Bennet (name),
word_riley,riley,Riley (name),
word_bịt,bịt,"to cover, block",
word_kyle,kyle,Kyle (name),
word_phụng,phụng,to serve (as in phụng sự),
word_never,never,never,
word_julia,julia,Julia (name),
word_lạm,lạm,(in lạm dụng = abuse),
word_lewis,lewis,Lewis (name),
word_vác,vác,to carry on shoulder,
word_lẹ,lẹ,fast (southern),
word_tý,tý,a tiny bit (variant of tí),
word_jon,jon,Jon (name),
word_seth,seth,Seth (name),
word_us,us,(English),
word_laura,laura,Laura (name),
word_ngự,ngự,"to reside (royal, archaic)",
word_guy,guy,guy,
word_felix,felix,Felix (name),
word_bẩm,bẩm,to report (archaic) / born with (bẩm sinh),
word_johnson,johnson,Johnson (name),
word_green,green,green,
word_thắn,thắn,"(in thẳng thắn = straightforward, candid)",
word_rên,rên,to moan,
word_bầm,bầm,bruised,
word_ron,ron,Ron (name),
word_rebecca,rebecca,Rebecca (name),
word_game,game,game,
word_norman,norman,Norman (name),
word_km,km,kilometer,
word_ken,ken,Ken (name),
word_găng,găng,(in găng tay = gloves),
word_phơi,phơi,to dry in the sun,
word_ahh,ahh,ahh,
word_internet,internet,internet,
word_moses,moses,Moses,
word_xót,xót,"to feel sorry for, ache",
word_lệch,lệch,"tilted, off-center",
word_khuyến,khuyến,(in khuyến khích = encourage),
word_lester,lester,Lester (name),
word_back,back,back,
word_sưởi,sưởi,to warm (as in sưởi ấm),
word_phế,phế,to abolish / lung (formal),
word_nạt,nạt,"to scold, intimidate",
word_vẫy,vẫy,to wave (hand),
word_cáp,cáp,cable,
word_trọ,trọ,to lodge (as in nhà trọ),
word_đùi,đùi,thigh,
word_fitz,fitz,Fitz (name),
word_hydra,hydra,Hydra,
word_cua,cua,crab / to court (informal),
word_miami,miami,Miami,
word_ned,ned,Ned (name),
word_bonnie,bonnie,Bonnie (name),
word_chip,chip,chip,
word_bùm,bùm,boom,
word_xơ,xơ,fiber / nun (archaic),
word_dinh,dinh,"mansion, palace",
word_roi,roi,"whip, cane",
word_nhạo,nhạo,to mock (as in chế nhạo),
word_scotland,scotland,Scotland,
word_thây,thây,corpse,
word_barney,barney,Barney (name),
word_trán,trán,forehead,
word_ẩm,ẩm,humid,
word_nhỡ,nhỡ,"in case, accidentally (variant of lỡ)",
word_grace,grace,grace/Grace (name),
word_giời,giời,sky/heaven (northern dialect),
word_hụt,hụt,to fall short (as in hụt hẫng),
word_bảnh,bảnh,"handsome, dashing (informal)",
word_more,more,(English),
word_khe,khe,"crevice, gap",
word_tủy,tủy,marrow (bone),
word_logan,logan,Logan (name),
word_hù,hù,"to scare, bluff",
word_doạ,doạ,to threaten (variant of dọa),
word_hái,hái,to pick (fruit),
word_taylor,taylor,Taylor (name),
word_phết,phết,"a bit, quite (informal)",
word_trơn,trơn,slippery,
word_nứt,nứt,to crack,
word_tuệ,tuệ,wisdom (as in trí tuệ),
word_chôm,chôm,to steal (slang),
word_bế,bế,to carry (a baby),
word_lưỡng,lưỡng,(in do dự lưỡng lự = hesitant),
word_gầm,gầm,to roar / underneath,
word_jeff,jeff,Jeff (name),
word_lannister,lannister,Lannister (fictional house name),
word_khiết,khiết,pure (as in thanh khiết),
word_nhiễu,nhiễu,"interference, noise (signal)",
word_terry,terry,Terry (name),
word_miles,miles,Miles (name),
word_tôm,tôm,shrimp,
word_nộ,nộ,anger (as in phẫn nộ),
word_đôn,đôn,stool / to urge (đôn đốc),
word_kirk,kirk,Kirk (name),
word_bách,bách,hundred (formal) / cypress tree,
word_ớt,ớt,chili pepper,
word_sir,sir,sir,
word_justin,justin,Justin (name),
word_bord0,bord0,(subtitle formatting artifact),
word_over,over,(English),
word_sỉ,sỉ,insult (as in sỉ nhục) / retail,
word_mánh,mánh,"trick, scheme",
word_lười,lười,lazy,
word_rầy,rầy,to scold (southern),
word_bong,bong,(in bong bóng = balloon/bubble),
word_sandwich,sandwich,sandwich,
word_spock,spock,Spock,
word_ann,ann,Ann (name),
word_avatar,avatar,avatar,
word_show,show,show,
word_uh-huh,uh-huh,uh-huh,
word_connor,connor,Connor (name),
word_phanh,phanh,brake (vehicle),
word_sylar,sylar,Sylar (name),
word_maya,maya,Maya (name),
word_gìn,gìn,(in gìn giữ = preserve),
word_josh,josh,Josh (name),
word_megan,megan,Megan (name),
word_sô,sô,show (informal loanword),
word_điếc,điếc,deaf,
word_nhúng,nhúng,to dip,
word_trặc,trặc,(in trục trặc = malfunction),
word_nhánh,nhánh,branch,
word_web,web,web,
word_nhồi,nhồi,to stuff,
word_nháy,nháy,"to blink, wink",
word_tỉa,tỉa,"to trim, prune",
word_vướng,vướng,"entangled, caught up",
word_doc,doc,doc/document,
word_music,music,music,
word_kara,kara,Kara (name),
word_cisco,cisco,Cisco (name),
word_địt,địt,to have sex (vulgar),
word_lựu,lựu,pomegranate (as in lựu đạn = grenade),
word_arrow,arrow,arrow,
word_phang,phang,to strike (informal),
word_moscow,moscow,Moscow,
word_lõi,lõi,core (of something),
word_vãn,vãn,"late (archaic, as in muộn vãn)",
word_séc,séc,check (payment) / Czech,
word_ôn,ôn,to review (studies) / mild (ôn hòa),
word_thảy,thảy,all (as in tất thảy),
word_vụn,vụn,"crumb, scrap",
word_blue,blue,blue,
word_think,think,(English),
word_hoành,hoành,(in hoành tráng = grandiose),
word_nhựa,nhựa,"plastic, resin",
word_bì,bì,skin (pork) / envelope,
word_betty,betty,Betty (name),
word_lẫy,lẫy,(in lẫy lừng = renowned),
word_thoáng,thoáng,"airy, brief glimpse",
word_cưa,cưa,saw (tool) / to court (informal),
word_triết,triết,philosophy (as in triết học),
word_starling,starling,Starling (place name),
word_benjamin,benjamin,Benjamin (name),
word_né,né,to dodge,
word_bỉ,bỉ,despise (as in khinh bỉ) / Belgium,
word_alexander,alexander,Alexander (name),
word_gầy,gầy,"thin, skinny",
word_west,west,west,
word_cún,cún,puppy (informal),
word_chư,chư,"everyone (formal prefix, archaic)",
word_giở,giở,"to turn (a page), act up",
word_miện,miện,(in vương miện = crown),
word_ellen,ellen,Ellen (name),
word_hm,hm,hm,
word_chanh,chanh,lime / lemon,
word_qkk,qkk,(subtitle formatting artifact),
word_hòng,hòng,in order to (with negative intent),
word_why,why,(English),
word_hill,hill,hill,
word_mỡ,mỡ,fat (cooking),
word_xuẩn,xuẩn,stupid (as in ngu xuẩn),
word_happy,happy,happy,
word_daisy,daisy,Daisy (name),
word_khuya,khuya,late at night,
word_hack,hack,to hack,
word_vặn,vặn,"to twist, turn (a knob)",
word_neo,neo,anchor,
word_hổng,hổng,"not (southern informal, variant of không)",
word_jill,jill,Jill (name),
word_phước,phước,"fortune, blessing (southern spelling)",
word_chen,chen,"to squeeze in, push through",
word_mợ,mợ,"aunt (uncle's wife, informal)",
word_zoe,zoe,Zoe (name),
word_thự,thự,(in dinh thự = mansion),
word_could,could,(English),
word_his,his,(English),
word_nicholas,nicholas,Nicholas (name),
word_jamie,jamie,Jamie (name),
word_chước,chước,(in mưu chước = scheme),
word_bấy,bấy,(in bấy giờ = at that time),
word_ugh,ugh,ugh,
word_then,then,(English),
word_chuckles,chuckles,chuckles,
word_hunter,hunter,hunter/Hunter (name),
word_cat,cat,cat,
word_que,que,stick (small),
word_xôi,xôi,sticky rice,
word_marshall,marshall,Marshall (name),
word_clarke,clarke,Clarke (name),
word_ali,ali,Ali (name),
word_đãng,đãng,(in đãng trí = absent-minded),
word_chồn,chồn,weasel / restless (as in bồn chồn),
word_fred,fred,Fred (name),
word_hotch,hotch,Hotch (name),
word_vách,vách,wall (thin partition),
word_christian,christian,Christian (name),
word_need,need,(English),
word_dơi,dơi,bat (animal),
word_khiên,khiên,shield,
word_chích,chích,"to inject, sting",
word_rùa,rùa,turtle,
word_liếm,liếm,to lick,
word_our,our,(English),
word_barnes,barnes,Barnes (name),
word_trượng,trượng,"(unit of length, archaic) / staff (weapon)",
word_nóc,nóc,"roof, top",
word_tạng,tạng,constitution/build (as in thể tạng),
word_star,star,star,
word_dỡ,dỡ,"to unload, dismantle",
word_giầy,giầy,shoes (variant spelling),
word_liêng,liêng,(fragment),
word_aw,aw,aw,
word_merlyn,merlyn,Merlyn (name),
word_nhượng,nhượng,"to concede, transfer (as in nhượng bộ)",
word_ạ,ạ,(polite particle),
word_jo,jo,Jo (name),
word_rán,rán,to fry (northern),
word_would,would,(English),
word_choáng,choáng,"stunned, dizzy",
word_alfred,alfred,Alfred (name),
word_mac,mac,Mac (name),
word_rach,rach,to slit (variant of rạch),
word_michelle,michelle,Michelle (name),
word_quyên,quyên,(in quyên góp = donate/fundraise),
word_nancy,nancy,Nancy (name),
word_her,her,(English),
word_turner,turner,Turner (name),
word_truồng,truồng,naked (informal),
word_bừa,bừa,carelessly (as in bừa bãi),
word_rót,rót,to pour,
word_xịt,xịt,to spray,
word_trào,trào,"to overflow, surge (as in trào lưu)",
word_cathy,cathy,Cathy (name),
word_chật,chật,tight / cramped,
word_xen,xen,"to interject, mix in",
word_giếng,giếng,well (water),
word_rợ,rợ,"savage, barbaric (archaic)",
word_chuối,chuối,banana,
word_nề,nề,(in nề nếp = discipline/order),
word_or,or,(English),
word_sammy,sammy,Sammy (name),
word_judy,judy,Judy (name),
word_thoái,thoái,"to retreat, decline (as in suy thoái)",
word_boy,boy,boy,
word_aang,aang,Aang (name),
word_hẻm,hẻm,alley,
word_lãm,lãm,(in triển lãm = exhibition),
word_albert,albert,Albert (name),
word_há,há,to open (mouth) / huh?,
word_bổn,bổn,"origin, version (variant of bản)",
word_lou,lou,Lou (name),
word_mr,mr,Mr.,
word_vạt,vạt,flap (of clothing) / patch (of land),
word_lách,lách,"to squeeze through, dodge",
word_yến,yến,swallow (bird),
word_stone,stone,stone/Stone (name),
word_derek,derek,Derek (name),
word_clb,clb,club (abbreviation),
word_đểu,đểu,"deceitful, sleazy (informal)",
word_nghiêng,nghiêng,to tilt,
word_quạ,quạ,crow (bird),
word_nhược,nhược,weak (as in nhu nhược),
word_manhattan,manhattan,Manhattan,
word_won,won,won (currency),
word_whiskey,whiskey,whiskey,
word_nản,nản,discouraged (as in chán nản),
